instructor_id,course_id,batch_id,completion_rate,avg_score_improvement,avg_quiz_score,dropout_rate,avg_watch_time,assignment_submission_rate,forum_activity_rate,avg_feedback_score,feedback_response_rate
I_044,C_01,B_1861,0.3,14.22595478,73.54652768,0.6474233046,0.7745723041,0.7909181472,0.1084139971,3.766211496,0.5331930414
I_119,C_06,B_0354,0.6572203728,22.87111044,77.31233097,0.4250979062,0.4949359666,0.9985660679,0.2805496937,5,0.7340874215
I_050,C_03,B_1334,0.3,16.08751744,79.56368722,0.7,0.9779012703,0.8072978311,0.2070134667,3.517386295,0.6814332201
I_024,C_21,B_0906,0.6395065797,24.26068744,99.29531556,0.3346571182,0.8465151138,0.544555015,0.3063951686,4.207578057,1
I_001,C_08,B_1290,0.5273018596,31.08155617,99.39342484,0.5210991631,0.9174501005,0.8658854787,0.2522894678,4.426230125,0.6967098405
I_026,C_07,B_1274,0.5514463425,33.14207211,66.92102891,0.4533344772,0.8080182179,0.5992581257,0.3038863612,3.436706114,0.8201497172
I_082,C_23,B_0939,0.6727057004,27.30526671,71.33954792,0.3351384965,0.6751748996,0.9569987034,0.08817847571,4.425977653,0.9164654862
I_009,C_15,B_1732,0.6042424011,29.30204996,68.57256874,0.4262820791,0.7601333287,0.8583072827,0.3245197654,3.992382995,0.7739993501
I_114,C_03,B_0066,0.7971000925,34.95930889,72.69575451,0.1824203924,0.6737698476,0.850339103,0.1173453251,3.984804844,0.7027651932
I_038,C_24,B_1324,0.3,19.90677856,68.72641295,0.7,0.6452125582,0.5950216488,0.01512318858,2.952907782,0.6047043715
I_007,C_03,B_0057,0.6111816357,36.80276328,81.98415243,0.3797265011,0.9944427484,0.8448864245,0.2921262463,3.622733789,1
I_064,C_02,B_1293,0.5706963416,19.09330732,72.72184339,0.4108120363,0.6188700053,0.8786186584,0.1724494674,3.185761678,0.5706696122
I_105,C_10,B_1119,0.835885181,32.15191834,99.38061904,0.172236782,0.9317565257,0.6399612609,0.2389554048,4.29641047,0.7251151002
I_001,C_23,B_0585,0.5022794485,30.47837996,77.65640547,0.5272066165,0.9125443643,0.8702042977,0.2187294832,4.158299878,0.6928467112
I_084,C_14,B_0375,0.747639716,24.85316676,82.04539229,0.3399422591,0.8969288519,0.766905932,0.2161445069,4.174259783,0.7371269522
I_087,C_07,B_0276,0.7285928051,36.7038702,85.08587756,0.2754682138,0.617110909,0.8693249246,0.3462139573,5,0.6593138776
I_086,C_07,B_0747,0.50730244,21.91095777,52.23626239,0.5171930563,0.7881416234,0.7239759989,0.1113283292,3.608986486,0.7635734104
I_088,C_13,B_0129,0.5518765635,34.11996972,77.5304025,0.3959870258,0.6204839262,0.8636476157,0.1235422365,4.387034783,0.6487452264
I_088,C_16,B_1647,0.4853954138,22.30979424,61.03657869,0.4904399811,0.7237130801,0.5449516493,0.05887041229,4.796709231,0.6909786839
I_044,C_21,B_1853,0.396545859,12.47153024,69.7132963,0.5208819285,0.6242323698,0.6950453706,0.3385533096,3.86414611,0.4737334963
I_033,C_25,B_0675,0.5592562777,27.08609724,77.50967826,0.4243227782,0.9923073567,1,0.39620163,4.490074887,0.8249307726
I_032,C_21,B_1665,0.5195236225,22.67314256,77.82720909,0.4948883388,1,0.8749902241,0.175556624,3.932347821,0.893477919
I_117,C_23,B_1982,0.7516116351,30.7361956,72.06785218,0.2039204093,0.6374975256,0.879310058,0.3280519514,4.032435623,0.5928373217
I_111,C_05,B_1084,0.792250562,24.73216001,74.79436495,0.2224339548,0.9733146555,0.883056031,0.1608573179,3.795297061,0.6922437247
I_039,C_20,B_1923,0.5434774939,26.61393924,88.62399756,0.5182430927,0.8116797409,0.7093879517,0.1645214489,3.756783739,0.8985584623
I_100,C_16,B_0100,0.3965914907,24.58311911,74.99766896,0.5025616132,0.7587662123,0.4607964297,0.2550599613,4.756190368,0.7984242585
I_119,C_09,B_1180,0.4275597618,38.80023797,99.79521085,0.4954541927,0.5440625757,1,0.4245387819,5,0.7924678971
I_086,C_14,B_0965,0.5424820752,24.69072691,75.89890105,0.4321997213,0.6670632731,0.6488104295,0.3206923415,3.321807195,0.7401593886
I_018,C_02,B_0793,0.8672253662,29.73422655,82.96272534,0.148093261,1,0.5170093664,0.1335785634,4.531797043,0.479467594
I_021,C_25,B_0030,0.7657451713,33.70293553,92.38189562,0.2336807002,0.7748751067,0.7425796335,0.1744970072,4.700204453,0.6391096258
I_085,C_19,B_0629,0.6639328663,30.64707476,73.85991706,0.3071985452,0.7835100437,1,0.3413307818,4.303273161,0.7009072909
I_010,C_22,B_0945,0.9778619192,40,88.16621763,0.03144071601,0.7587961955,0.772415095,0.2088920246,4.231673013,0.8190637828
I_055,C_21,B_0573,0.7622478475,30.50732604,75.03284777,0.1842175254,0.7631432959,0.6339189309,0.3455505442,4.723105769,0.9021224484
I_117,C_06,B_0908,0.5613813631,40,75.31031935,0.432238973,0.9106737044,0.5289775398,0.345508369,4.088360303,0.8094283849
I_112,C_21,B_1081,0.3377100407,29.15008625,71.75467633,0.7,0.7870028157,0.8219807814,0.09879702193,4.359721418,0.8120679558
I_113,C_04,B_0451,0.3,21.91120461,79.6381624,0.6201987074,0.4475589488,0.509912425,0.1985960894,4.042176955,0.2599352423
I_047,C_24,B_1610,0.4826169548,14.21417995,69.53364809,0.4747339034,0.9248505171,0.6104422737,0.1742341244,3.798709867,0.93881317
I_090,C_03,B_1291,0.5667761408,27.2725321,87.2587574,0.4243700646,0.9722287326,0.6984725282,0.3790783184,4.425077928,0.8616312832
I_107,C_18,B_1079,0.6767571482,26.93460613,94.5394044,0.2820110736,0.7064399311,0.5340449608,0.03724270448,3.93218176,0.6911337214
I_052,C_08,B_0255,0.4523519012,27.59807976,61.06844219,0.5260379231,0.9704683207,0.7674773917,0.2923887603,3.852503166,0.6761654566
I_065,C_08,B_0125,0.4780976615,18.99303938,72.324862,0.5441284635,0.9545170567,0.6687861504,0.3386595397,4.569088986,0.6687710208
I_103,C_17,B_1928,0.8016120045,28.04585285,94.96647077,0.1608113526,0.816239002,0.9892310074,0.3709863485,4.485535913,0.8103866562
I_096,C_15,B_0252,0.7832623999,25.34306252,86.82061928,0.2625711239,0.9652000061,0.7512066893,0.2924067927,3.998475843,0.6040386234
I_111,C_11,B_0586,0.5366538679,28.5636745,80.49482627,0.4110975539,0.6124783213,0.6106863183,0.05023357869,3.885004716,0.9103479722
I_028,C_19,B_1569,0.3965155483,32.28704867,69.43094257,0.6773417511,0.815593985,0.5881310292,0.2101213907,4.175332937,0.5480935904
I_045,C_14,B_0825,0.5736483983,17.3261582,75.02888631,0.4828819168,0.6440931889,0.7237074218,0.4015815039,4.125362214,0.6083605103
I_065,C_22,B_0508,0.5024363902,23.3869339,72.97085973,0.4757685493,0.8393272994,0.8016857166,0.4156694786,3.776304133,0.5889717473
I_001,C_08,B_0890,0.6520889973,36.88315307,85.45076055,0.3990069968,0.9044898347,0.5075653007,0.3941257053,4.789838947,0.5715863506
I_084,C_15,B_0071,0.6048210337,24.8542027,73.34901168,0.391707812,0.9938129386,0.6127958549,0.08837480989,4.492797539,0.8409193333
I_115,C_11,B_1609,0.5699252801,20.55682266,70.73457343,0.472380346,0.557665026,0.5835628882,0.4042382388,4.003702996,0.6759313741
I_117,C_24,B_1533,0.7480393121,28.82063258,74.35637029,0.2556136578,0.6268830583,0.9757500876,0.2548175245,4.549106811,0.6973325324
I_079,C_25,B_0248,0.4813848984,29.78112067,78.49148946,0.5077697518,0.7448430097,0.6385370251,0.3368287428,3.881277689,0.5175394009
I_027,C_12,B_1451,0.3815738708,26.59635873,71.24825731,0.6063297178,1,0.7183472201,0.3014777636,4.662006098,0.8599751446
I_117,C_17,B_0213,0.7733381802,18.95783083,84.05535974,0.1376006241,0.7237709917,0.8816182415,0.2611669498,3.98033893,0.4881948556
I_092,C_18,B_0910,0.6377932137,22.84500688,78.47610786,0.3313161904,0.6847573123,0.9664097735,0.1634229809,3.528771234,0.5222984068
I_110,C_04,B_1742,0.5536740607,26.13107907,74.03398041,0.4417246497,0.8260667281,0.947980315,0.3378253972,4.128110709,0.592810845
I_119,C_12,B_1245,0.6120956926,26.87843314,81.88853924,0.3217517312,0.8606672697,0.9633368257,0.4217338842,4.410349428,0.9123691936
I_020,C_02,B_1697,0.4442941711,23.73043906,62.25651079,0.5924168425,0.7591907832,0.6354809295,0.1455716372,4.408689834,0.5347044368
I_074,C_18,B_1183,0.3260520368,23.90237561,64.68360272,0.7,0.6273867747,0.6434976685,0.2868644152,3.229062503,0.774116212
I_020,C_18,B_0362,0.546738916,29.435621,69.57248523,0.4960130682,0.8391685913,0.7897132498,0.1041466636,3.882271476,0.6112018824
I_090,C_06,B_1474,0.6500413284,29.25333528,81.65504281,0.407756154,0.7734939939,0.5808715984,0.2912444591,4.507250841,0.8582766559
I_044,C_16,B_0679,0.3,23.730766,67.02855991,0.648957534,0.7619904268,0.4214105477,0.2719161034,2.878397789,0.4927675012
I_001,C_15,B_1622,0.4051719181,18.82586994,87.35149979,0.5465610549,0.7273455279,0.6359836353,0.3366926585,3.924648377,0.5888593493
I_118,C_11,B_1090,0.6833442958,36.20793233,79.47918465,0.3367247765,0.909535074,0.8733805217,0.424174796,4.437625231,1
I_111,C_20,B_1988,0.5290157405,33.55858531,78.34292034,0.5684133325,1,0.6532356265,0.3163992423,4.263944732,0.5099340015
I_035,C_20,B_1848,0.7490928038,31.03008545,58.2614714,0.3448863253,0.9306087425,0.7071981847,0.1430125902,4.017464998,0.5671158758
I_101,C_22,B_0988,0.3,29.47316451,71.43262142,0.7,0.7132120972,1,0.3225805212,3.988746954,0.666716608
I_110,C_24,B_1513,0.5444943061,24.7268287,75.85947408,0.4946621226,0.7796099387,0.7057640414,0.2746502858,3.64592387,0.7334326381
I_109,C_19,B_0112,0.617705424,36.96416042,70.28431507,0.3950014257,0.7354752949,0.7174258948,0.235729447,3.824326365,0.9356793536
I_112,C_01,B_1488,0.3848955996,26.04423534,81.22297109,0.6233419612,1,0.7491567145,0.2949322812,4.046544873,0.7630040884
I_115,C_24,B_1454,0.5250693016,32.43673509,96.45557859,0.4312866724,0.4337979075,0.921235276,0.1939367368,4.438879508,0.2976786075
I_082,C_13,B_0384,0.5697006307,28.17813285,79.12104598,0.4479920618,0.6335072226,0.7500918035,0.196530631,4.14353567,0.6445990423
I_039,C_04,B_1396,0.4739398161,29.30098212,69.79111529,0.4491413022,0.8834368335,0.5388442391,0.192632086,4.191546676,0.6680586039
I_097,C_20,B_1055,0.6516565398,30.63992771,74.94423702,0.3674239316,0.6273334978,1,0.2147442798,5,0.6580253198
I_019,C_23,B_0756,0.4750882188,21.11421582,70.91480493,0.5055263112,0.7461502297,0.7586362568,0.03850260625,4.286058887,0.5565243993
I_040,C_08,B_0325,0.6320102454,24.11715283,76.65197626,0.3687526513,0.8546879149,0.9031992193,0.1649212287,5,0.8477770712
I_029,C_16,B_1624,0.5246880924,24.28964057,77.69525395,0.5255834334,0.7725999935,0.8530079392,0.08625174774,4.47672981,0.8412284966
I_035,C_05,B_0788,0.5512139759,18.40930647,62.70940554,0.4809887055,0.8474928957,0.8897444747,0.3461130934,4.1394222,0.7399273214
I_075,C_04,B_0369,0.3,16.87972727,54.64845635,0.6390981759,0.4530580214,0.3708550803,0.09448723472,3.983649264,0.7483729093
I_036,C_11,B_1820,0.3766098977,28.22343739,85.58254251,0.5409719123,0.8201764359,0.8602157688,0.2446523573,3.60447836,0.6788481004
I_002,C_24,B_0070,0.6437437744,30.93262774,84.76256516,0.4032507203,0.7617769247,0.643143445,0.2804067505,3.905047583,0.8093012379
I_113,C_12,B_0858,0.3,20.03525586,78.97690865,0.6805167802,0.9080326101,0.8234966487,0.1027432327,3.901238971,0.5988451745
I_043,C_25,B_1484,0.5416667449,27.54141142,81.72029329,0.5505609899,0.8364169208,0.9710311512,0.328049532,3.993560315,0.586889542
I_025,C_02,B_1556,0.98,29.1749771,85.3216775,0.02630350998,0.8602388763,0.6342554136,0.2433013314,4.608675769,0.8402159048
I_082,C_12,B_1692,0.5891541724,26.84593298,77.05467857,0.3726197225,0.8131439566,0.7603039088,0.1500973833,3.322809718,0.6446791016
I_013,C_12,B_1475,0.8496308006,40,59.9667293,0.1329768008,0.4756813741,0.794707311,0.2298179458,4.43071741,0.6360120625
I_029,C_07,B_1799,0.5671632732,21.43317089,74.28216216,0.3085292429,0.714550083,0.8780981246,0.2439640759,3.924375207,0.5980799963
I_023,C_03,B_0479,0.5119772475,16.3872766,62.37824669,0.4876193081,0.606441314,0.6503272582,0.1356152066,5,0.7468646868
I_002,C_06,B_0282,0.8896996189,37.54405998,97.98486034,0.08948617435,0.9159102014,1,0.3219188341,4.953550692,0.5978885704
I_087,C_11,B_1648,0.6689990538,31.89566033,78.71634703,0.3610227751,0.6863901265,0.7223586019,0.3593413857,4.346899741,1
I_071,C_16,B_1557,0.5824726829,24.33718186,87.29729384,0.4138618074,0.6367712841,0.6860266147,0.1542492738,3.978874329,0.7463955707
I_081,C_08,B_1730,0.5607446551,25.6101256,86.33497611,0.4029327854,0.733087863,0.4434264105,0.3126632898,4.719093668,0.9303769415
I_062,C_02,B_0211,0.6584896363,30.67007316,78.99214761,0.3120814913,0.926143779,0.8772843551,0.2773113981,4.204680388,0.9076185665
I_116,C_18,B_0298,0.6140095821,25.09067555,77.18853917,0.3412407506,0.6211443466,0.4565909607,0.2313932919,3.922935508,0.8565729415
I_072,C_23,B_1885,0.6054595338,33.34092944,73.8999046,0.4926179183,0.8004044672,0.4142825188,0.3774864612,4.004420739,0.9064051898
I_066,C_24,B_1834,0.8865573791,31.59161223,70.28117694,0.1395451577,0.7281892383,0.8417792314,0.4327151988,5,0.9659684843
I_016,C_25,B_0652,0.5603929852,25.25109313,71.6335071,0.4176815341,0.5591899188,0.4371274713,0.2793199198,4.226721644,0.8025471382
I_112,C_15,B_1234,0.4483134602,20.19665164,72.89814958,0.5926784209,0.9828590807,0.7661714097,0.3971546004,4.000927241,0.5835450231
I_040,C_24,B_1503,0.5191875655,26.81614806,77.5943606,0.4770917241,0.6031529875,0.8583440852,0.1962443293,4.518459121,0.6381977039
I_024,C_11,B_1932,0.6266551134,32.83569141,83.67479678,0.3040214634,0.894556089,0.8642341978,0.1405422199,3.621126394,0.8766784156
I_028,C_06,B_0917,0.589299787,20.27950344,70.08665626,0.3641790608,0.7887879508,0.8875527603,0.1794723992,3.828967905,0.80922992
I_017,C_06,B_0994,0.6128760564,30.02399233,88.78625925,0.4572810711,0.8737896721,0.682555401,0.2023349088,4.201454062,0.9422941143
I_069,C_04,B_0430,0.5896806602,34.35535283,79.61959848,0.5231868299,0.9550175303,0.9400358202,0.1869306395,4.133624874,0.8190332551
I_018,C_24,B_1371,0.98,32.94376265,97.81911202,0.04937417632,0.797051386,0.9585193536,0.2056466665,4.827528998,0.8172830092
I_009,C_05,B_0240,0.4984660863,32.62084002,68.39066057,0.4041956951,0.5175830018,0.83514526,0.2569828039,4.189367137,0.6248822882
I_019,C_23,B_0880,0.6473551619,25.59556249,98.33941187,0.2935429602,0.7475944374,0.5564313953,0.1519943317,3.791885833,0.5595286116
I_062,C_09,B_0621,0.6872517216,27.78284389,73.81368663,0.4480791931,1,0.7511063592,0.448671628,4.458686325,0.8914646536
I_062,C_25,B_0257,0.5905602538,26.91107939,64.83128354,0.3321528807,0.8810786806,0.7527156348,0.1797134693,4.416741868,0.8437885522
I_057,C_09,B_0612,0.6440211186,27.67420624,69.35093129,0.4639826939,0.6941030219,0.5086343574,0.341614191,4.663380652,0.7806411247
I_060,C_10,B_0545,0.5941310115,28.2307807,68.01976612,0.381263052,0.75053146,0.6742504126,0.167013312,3.374224945,0.6232973814
I_052,C_05,B_0772,0.6603734089,24.86345297,66.57818081,0.3199501146,0.8683442319,0.8054008162,0.3988102555,4.086449222,0.7793289621
I_101,C_17,B_1420,0.4239320581,24.59100137,74.87631027,0.6431146173,0.5720184619,0.8647910565,0.2778123108,3.580606667,0.9387537087
I_098,C_04,B_1042,0.578123842,29.4182089,84.87143181,0.5229338538,0.6246360328,0.6561729918,0.2575437186,4.152330736,0.4145033712
I_002,C_19,B_1790,0.657663771,24.04217214,76.55663379,0.3028664081,0.8407234847,0.742940896,0.3825364099,4.680412976,0.7711622467
I_028,C_22,B_0760,0.3553430763,20.55266139,77.01506241,0.640891994,0.8064704016,0.9962174208,0.354204399,3.75244511,0.8387729006
I_110,C_25,B_0383,0.653885213,35.78746769,86.06567433,0.4074796773,0.9301826658,0.620409237,0.3816495152,4.09978661,0.9891420745
I_050,C_06,B_1104,0.3,20.56470777,57.04556396,0.6222567626,0.7192477695,0.7094363112,0.1209171348,2.998608221,0.6629543739
I_001,C_14,B_0974,0.3756595859,34.36861005,76.10930061,0.5705204058,0.6864884992,0.8722391811,0.1993351148,4.522784619,0.6042222201
I_032,C_09,B_0353,0.3868016799,25.38944993,67.89017398,0.6007304962,1,0.6929016471,0.08023929961,4.808545144,0.9458651994
I_018,C_19,B_1606,0.798951849,32.23532574,76.41569129,0.172190027,0.6982207772,1,0.3374850024,4.162277181,0.660100487
I_107,C_04,B_1826,0.6137518313,23.10572021,71.11333342,0.4831284151,0.7771499497,0.8897770389,0.2322969429,4.70746034,0.7190976063
I_075,C_07,B_1037,0.3,9.447106262,54.48932546,0.6513643205,0.4512433587,0.3826918784,0.1523117552,3.763670556,0.4027321288
I_021,C_13,B_1108,0.7358398993,28.75687365,87.58360419,0.2936573511,0.99961878,0.7827495376,0.2691382244,4.194540042,0.7586889093
I_119,C_16,B_0495,0.670236676,21.02081115,86.08804306,0.277624101,0.8655638982,0.694403322,0.3141176542,4.582496264,0.6144083157
I_033,C_23,B_0394,0.6623470038,23.31945472,85.94707139,0.4578532173,0.736884131,0.6372520239,0.06119050256,3.93046387,0.8735065975
I_034,C_10,B_1547,0.7882911717,32.09157367,86.34089647,0.2321683301,0.8753751533,0.997429806,0.389518655,4.254341739,0.8766684717
I_018,C_22,B_0465,0.7555379799,35.00439044,82.52668379,0.2128492117,0.9967505799,1,0.3108902089,5,0.7916350231
I_014,C_17,B_0887,0.4568823552,24.12368714,85.22572465,0.5987347077,1,0.8577408547,0.2979037832,3.894798798,0.8173424852
I_084,C_10,B_1194,0.7042324377,27.3673746,74.34536466,0.2782088491,0.8125736036,0.6316191853,0.2420204735,4.405902575,0.8199788345
I_024,C_20,B_0367,0.5985660868,19.81252375,72.93212292,0.4514509268,1,0.69592531,0.3717857509,5,0.6209977671
I_109,C_02,B_1894,0.5354621678,34.686159,90.82418032,0.5066956046,0.8711520323,0.7555539273,0.2512456783,3.834432409,0.6237137677
I_088,C_19,B_1874,0.7803465165,26.3954086,83.26773839,0.1015419256,0.6805099244,0.6258613725,0.2190561158,4.039620051,0.6921363809
I_112,C_04,B_0745,0.4642841645,19.87691995,92.62151933,0.554925471,1,0.8667241556,0.2537053526,4.327816596,0.6948849931
I_058,C_09,B_0530,0.7706596109,24.14576928,87.37750796,0.2419709105,0.5660475786,0.8069476106,0.418791034,4.441002956,0.7928953848
I_046,C_07,B_0803,0.5647073534,28.15785202,76.36892341,0.3723109796,0.5372740123,1,0.1737716596,3.820821513,0.5779189581
I_109,C_14,B_1224,0.7140671924,23.22564683,81.48317532,0.3303794029,0.7977456868,0.8291849682,0.2145717413,4.200666515,0.6443619166
I_113,C_08,B_1979,0.3,29.57591598,76.58242798,0.6795704997,0.7447776855,0.7848593394,0.1691315473,3.76910849,0.6264949979
I_007,C_18,B_1906,0.5659644087,39.6162443,70.77448921,0.4139716923,0.9216653781,0.8354378891,0.2196578745,4.906876929,0.5888151919
I_002,C_12,B_1700,0.7244634959,24.78980266,74.2390559,0.2046568278,0.9882057214,0.7136879517,0.1022534211,4.848891899,0.7039571891
I_082,C_02,B_1545,0.5835686183,20.60788535,90.28571314,0.3751636534,0.9781869342,0.7366159155,0.3308012044,4.101262929,0.9664090391
I_084,C_25,B_1314,0.5943790862,27.7007541,75.32026684,0.3885222809,0.9274622778,0.9737260422,0.2058140192,4.714401064,0.6826280249
I_059,C_09,B_0307,0.3689390451,35.23992284,63.94557104,0.5832474841,0.8057295476,0.8490646731,0.1944480402,4.249241599,1
I_046,C_02,B_1667,0.5876231135,24.25156714,84.37197916,0.4417134506,0.5650020546,0.9821336081,0.1399554609,4.61297111,0.7626820889
I_117,C_23,B_0863,0.8007011232,36.70815028,80.15081054,0.1992516361,0.6511745243,0.9267867082,0.37817034,3.637348946,0.4462134507
I_022,C_10,B_1567,0.4599589359,21.00239956,71.86332271,0.5089732821,0.4826255526,0.6389443861,0.1267637918,4.924032977,0.8310907871
I_058,C_05,B_0531,0.7056215196,31.71089745,75.50008525,0.3035711209,0.98951697,0.8921063846,0.1853452048,4.129560876,0.8017611528
I_119,C_17,B_0655,0.7788127055,28.13570748,73.6931321,0.1589497145,1,0.7601860043,0.05577690866,4.574419391,0.8091062541
I_079,C_19,B_1260,0.6321944059,29.53691017,87.32115488,0.3540233014,0.7981067766,0.8055475999,0.2981865048,4.23145516,0.5038540564
I_105,C_16,B_0234,0.8533510928,38.08340038,93.18761051,0.1124368655,0.8192108603,1,0.3243891118,4.257717869,0.9914824881
I_041,C_06,B_0121,0.5587850456,32.02968726,82.81800105,0.5074861302,0.8631940153,0.8297446975,0.2906907662,4.522398011,0.7480142182
I_011,C_22,B_1698,0.6554421977,36.38869407,71.16532104,0.3910252432,0.7937174575,0.6130492748,0.09408322065,4.302900288,0.9041154008
I_005,C_15,B_0950,0.9306085128,40,98.72382527,0.09077919148,0.7381029889,1,0.2409459935,3.727128726,0.7817101626
I_113,C_09,B_0618,0.4331036346,21.93480816,61.43814143,0.6321907501,0.8176817174,0.8575034467,0.2946307073,4.513352528,0.3955107104
I_089,C_25,B_1179,0.5668113635,21.90429631,72.8213274,0.4769584021,0.7677868166,0.76094618,0.2178636743,3.563096165,0.7373552716
I_070,C_08,B_0308,0.4142779913,25.22745843,71.30083376,0.5641147324,0.6936067823,0.4734413838,0.1269991473,3.659628298,0.5691450896
I_115,C_06,B_0136,0.6488705097,19.99213507,64.17648492,0.4317596832,0.6994643164,0.7429036737,0.2824561712,5,0.7153818637
I_094,C_07,B_0555,0.4498388743,16.22532761,73.42474155,0.5025004264,0.7647767742,0.7922831169,0.3350443409,3.65360514,0.7994582798
I_085,C_01,B_1674,0.6225816978,26.52604918,83.70249353,0.362203804,0.8986327558,0.8562819053,0.2077643395,4.074568314,0.8421820919
I_058,C_23,B_0584,0.7946613204,30.00192097,86.67787609,0.2659522285,1,0.9907012075,0.4295593759,4.876320623,0.9425893809
I_093,C_06,B_1641,0.8964395837,27.6852326,78.51610474,0.1339556143,0.7670422874,0.7262653694,0.2818047413,4.973543046,0.8353937442
I_101,C_16,B_0671,0.3,20.69928913,67.06687647,0.6579750907,0.8884293884,0.6269000995,0.2322998104,3.981657094,0.5368764032
I_091,C_05,B_0835,0.98,28.26066813,91.14053885,0.02,0.9748136129,0.9371038619,0.2067578547,4.397065928,0.7219105925
I_085,C_08,B_0110,0.7888202526,35.02806513,70.28699919,0.1903686485,0.9186543108,0.7923038898,0.3720356123,4.808905155,1
I_007,C_19,B_1165,0.6753461112,23.04267766,76.65753042,0.3485958102,0.6077389533,0.7311793172,0.2434036309,5,0.8791357847
I_108,C_11,B_1960,0.6555117415,33.10393776,83.252859,0.2736047884,0.6525014757,0.3681122635,0.3557623673,3.929145693,0.7262561411
I_038,C_14,B_1465,0.3875109364,30.95487204,66.29273802,0.6345543244,0.671277357,0.9837608248,0.1654352733,3.598967488,0.7102435379
I_115,C_03,B_1729,0.4812133946,25.49652342,68.32562713,0.5289366006,0.6088016493,0.7445372523,0.4756604754,3.946506631,0.6705782103
I_055,C_07,B_1243,0.616978455,31.25717345,64.94104421,0.405966436,0.9203765966,1,0.3841587476,3.968483754,0.7778494883
I_057,C_04,B_0212,0.5376092732,27.15240377,85.33430275,0.5085258427,0.8542911994,0.7541102547,0.1031034995,4.89693491,0.7807655268
I_086,C_02,B_1768,0.5213132585,24.88237893,83.6954608,0.4235998883,0.7521501152,0.5965833395,0.2828434469,3.271253009,0.9993741895
I_090,C_08,B_1121,0.6346574138,25.47188889,66.65615291,0.3420471265,0.5414567575,0.4185490323,0.3407642527,4.591600965,0.5521975197
I_029,C_05,B_0680,0.5204210563,27.45516302,59.23070718,0.4368351625,1,0.8256389619,0.2992696125,4.31609173,0.8217064623
I_093,C_19,B_1951,0.6484804596,28.73259095,89.0882291,0.2785357386,1,0.705807534,0.254771896,4.459781874,0.8697514992
I_017,C_12,B_1839,0.5853286088,18.49518354,77.32782439,0.5029941689,0.644985028,0.6379367491,0.2260318526,4.676224049,0.6523788441
I_110,C_07,B_0412,0.7110086033,12.58462033,74.03712685,0.2563821912,0.6610072297,0.549514164,0.1366850095,3.541453341,0.7358492305
I_119,C_19,B_1325,0.7574225998,25.65142786,84.35887621,0.2548193604,0.7214097966,0.7426833166,0.1900106322,4.17513212,0.8076498574
I_058,C_04,B_0783,0.7939220888,36.24608042,70.51001139,0.164282052,0.8059928231,0.7001440531,0,4.275104687,0.6599772543
I_064,C_25,B_1346,0.6235197612,24.8873785,77.71868045,0.3640734224,0.8516469498,0.586302502,0.2507983306,4.458955379,0.7978601902
I_085,C_04,B_0875,0.7418602669,30.88344963,73.23350431,0.2094925499,0.9789087887,0.5550809499,0.3230832658,4.683135967,0.9162625117
I_101,C_22,B_1653,0.365259389,24.83685871,82.5257661,0.6003882418,0.7111900633,0.7277617957,0.3328704348,4.37541192,0.4174896145
I_070,C_15,B_1279,0.5427226037,31.93450112,54.72811498,0.4734844448,0.6328260831,0.9239666638,0.2729400866,2.639914572,0.7012779332
I_095,C_23,B_0786,0.3651218777,24.01808249,63.64643499,0.5886421391,0.6003730586,0.773947976,0.3944380544,4.199128854,0.9536879913
I_033,C_14,B_1819,0.6071530393,35.43454138,74.87223812,0.4105108669,0.7318392223,0.8428913861,0.24980515,4.202991117,0.7689845901
I_105,C_02,B_1199,0.9382776792,33.3735205,86.81507151,0.06755091391,1,1,0.4113344359,4.72023542,0.7294231873
I_050,C_13,B_0808,0.3564610839,19.09920544,69.20292599,0.6966014517,0.7109685225,0.7918993655,0.1059176927,4.03105373,0.5015852163
I_010,C_14,B_0713,0.98,28.72191264,85.08106624,0.02,0.9235065254,0.8267958339,0.3909647912,5,0.9117497907
I_025,C_02,B_1991,0.8826902602,23.26329781,91.9730285,0.02,0.8621140315,0.8402900811,0.2848140125,5,0.6386175296
I_034,C_16,B_1660,0.735256081,34.42959187,72.24343428,0.2578317025,0.891036526,1,0.2871372998,3.567818377,0.7354373788
I_025,C_25,B_1191,0.687197178,25.51855291,92.75084883,0.2565477589,0.9666142476,0.9794662802,0.3437531504,4.167865393,0.8829990301
I_101,C_24,B_1226,0.4757129719,21.40945573,74.75483646,0.4839197875,0.7663788503,0.6366288682,0.3258022562,4.108091726,0.7117610662
I_093,C_16,B_0603,0.6593515289,38.20965861,85.96061158,0.347974985,0.6692790312,0.6187192213,0.1798882681,4.486878201,0.7402513665
I_113,C_20,B_0271,0.3,20.44876831,72.47619861,0.7,0.740912753,0.6708644636,0.2636490446,3.958245058,0.5165222663
I_025,C_18,B_1385,0.6813509472,37.98907004,68.40830051,0.3704053939,0.9318469875,0.875865133,0.2443344912,3.76903749,0.8647703915
I_116,C_21,B_0232,0.6108288977,35.05654458,83.52855498,0.4233106666,0.734602844,0.6026086286,0.152318038,4.199709047,0.8237026064
I_108,C_05,B_0050,0.6545081706,24.06893299,90.4670178,0.3331405953,0.8324657078,1,0.1897517693,4.301281222,0.7467441475
I_033,C_13,B_0463,0.6259654644,40,93.81187025,0.3822257913,0.9401830108,0.5778879929,0.1511102542,3.955409078,0.7951859528
I_051,C_21,B_1106,0.7372301497,36.31356411,85.04409511,0.2723015974,0.803545376,0.9068185078,0.318218018,4.791598613,0.870010107
I_062,C_03,B_0856,0.4763060265,26.4616831,51.29817356,0.4883044581,0.7047117257,0.6259976412,0.371844482,4.672882247,0.9336608383
I_026,C_21,B_0694,0.456014994,30.89205063,85.30615046,0.5575650244,0.974232418,0.8448931814,0.1941310222,4.279034393,0.4695012629
I_108,C_16,B_1552,0.7843279636,21.02930594,70.66417067,0.2752578301,0.5883231992,0.6217970215,0.2225876523,4.26234306,0.9459957933
I_080,C_09,B_1873,0.5588241025,15.01735929,76.84438781,0.3838501187,0.7337449582,0.78149024,0.2940195327,4.330857151,0.696712145
I_063,C_18,B_0527,0.4163958332,29.42597845,80.57883753,0.5505771103,0.6421778075,0.9399902682,0.2268490996,4.288938559,0.5831348364
I_119,C_15,B_0174,0.4961768478,17.67187265,77.6755819,0.5698575163,0.4118485491,0.6575511246,0.1497305902,4.135881215,0.8549726221
I_112,C_08,B_0721,0.3,23.55341115,63.71803512,0.6598872667,0.817359141,0.6853617442,0.1152122332,4.118522934,0.3488901512
I_102,C_21,B_0415,0.6862419373,29.06785029,85.24322189,0.3601435068,0.9121219137,0.6055942983,0.3586738066,4.347057903,0.7106334358
I_072,C_19,B_0238,0.6108663501,25.93707009,67.07629745,0.4547652491,1,0.8025812318,0.3159480858,4.36040974,0.573210287
I_012,C_13,B_1473,0.5509044834,31.84101506,65.81028628,0.3926512493,0.8003050446,0.5244430205,0.3776179112,4.384346714,0.8970684214
I_117,C_06,B_1336,0.623273818,20.96396375,76.00847278,0.4150475176,0.8341705134,0.9437076434,0.1536313091,3.575974196,0.8133272725
I_029,C_23,B_1064,0.4924844965,30.38979139,65.41331875,0.5562933521,0.7773435795,0.6271349493,0.3167073778,3.572416406,0.6469504337
I_108,C_24,B_0024,0.5078595134,33.40007858,98.76081574,0.5003747279,0.6978842208,0.7250471406,0.1761347481,4.897428826,0.4462153148
I_106,C_23,B_1767,0.5485358092,30.83524712,71.10677919,0.3952392791,0.9158918671,0.6960637988,0.3611303422,3.813055737,0.6303567774
I_060,C_17,B_0064,0.6492634244,20.18526602,91.50929579,0.3982639622,0.6991143446,0.8925525753,0.2888889774,4.358176205,0.6129742679
I_068,C_24,B_0290,0.6339112119,38.78322944,67.04752418,0.2773772235,0.461625976,0.6952999981,0.1516548719,4.163286746,0.798384855
I_052,C_22,B_0189,0.5564667773,22.76704696,80.05946681,0.4857004844,0.5419508883,0.7378513507,0.06035883189,3.98922289,0.4587314055
I_058,C_25,B_0702,0.7676434862,30.51758343,75.22959656,0.1492345657,0.7778425748,0.6976460285,0.2935046659,4.145584798,0.7579768941
I_118,C_01,B_1815,0.7806654818,38.33484493,92.91864007,0.2398859243,0.6606309904,0.5793092066,0.1943292161,5,0.6479618095
I_048,C_01,B_1138,0.727884303,31.08636449,90.97246201,0.2675719352,1,0.6511278518,0.2668941707,4.61414005,0.7400079806
I_009,C_09,B_0355,0.754007329,15.15084372,74.15882594,0.3119230128,0.8461461702,0.9178836177,0.195622538,4.132091222,0.6279201301
I_051,C_20,B_0417,0.7664610519,23.95313904,96.09164258,0.1903369383,0.9055789298,0.7648867798,0.2604591675,4.409875953,0.7527490755
I_003,C_11,B_1246,0.7738532926,34.94087949,88.7756156,0.3421576184,0.9764621809,0.7491725817,0.3366332197,4.40235716,0.7630686338
I_077,C_09,B_0931,0.5588584069,40,65.97268648,0.5056630997,0.9815168479,0.9140836425,0.2017422573,3.785766893,1
I_015,C_03,B_0197,0.8110950929,31.11338417,84.19224346,0.2149360453,0.9252908208,0.8643290079,0.1609170006,3.762535753,0.6231346974
I_009,C_22,B_0580,0.6432053792,23.90741601,75.07141555,0.4133873626,0.6479122999,0.8363515881,0.4395120489,4.51940027,0.7849350111
I_094,C_19,B_1135,0.6487878643,26.593864,96.24416061,0.3321656298,0.5699777093,0.8351734754,0.237304143,4.200338978,0.6625891252
I_024,C_09,B_1814,0.5636937903,30.00456931,71.16927855,0.448589644,1,0.5947875453,0.1230587638,4.681860637,0.6990038825
I_060,C_07,B_1935,0.6669758947,29.80741395,84.56280189,0.3098179722,0.4995654456,0.4888681687,0.3299890239,4.617061797,1
I_004,C_04,B_0434,0.5160058736,21.2402916,68.85996465,0.4511482941,0.5083285854,0.7886447687,0.3061004408,4.084363001,0.8449135412
I_014,C_18,B_0101,0.7350355003,33.15603584,85.495319,0.3158502522,0.7705243394,0.9429602395,0.2358027123,4.44098428,0.8815344521
I_051,C_09,B_1655,0.7263515327,30.62996715,85.57787222,0.213747385,0.8567211799,0.7825931898,0.4609152536,4.705080432,0.8915357584
I_014,C_19,B_0395,0.8196834343,40,75.03746091,0.1977479207,0.5815406692,0.8469182063,0.3428146793,4.835946328,0.7336943786
I_037,C_10,B_1939,0.8916706894,32.99868347,100,0.07152711171,0.9023543129,0.7407258569,0.2905938255,4.179506534,0.8123051261
I_062,C_20,B_0221,0.4457455334,27.60640782,78.76608738,0.6175474885,0.7979575126,0.465840995,0.4240250283,3.74960058,0.707256253
I_095,C_25,B_1676,0.3224711353,26.89455817,69.73757863,0.6474185968,0.8129169808,0.5710401215,0.1860898737,4.090618103,0.5621792473
I_009,C_16,B_1498,0.6607689376,30.16497901,84.45614757,0.3850776241,0.7311960961,1,0.3602766196,4.045893344,0.7318691906
I_085,C_06,B_1785,0.7022032992,22.52251118,87.91755693,0.2771406448,0.9129801074,0.6295567709,0.1786268203,4.907504648,0.800310332
I_060,C_10,B_0345,0.7710160554,23.92815927,79.75779418,0.2486710724,0.7604043142,0.9195776177,0.1340366285,4.194480022,0.5914476882
I_017,C_09,B_1028,0.6566382902,24.40787152,84.50675176,0.3495561477,0.8626312272,0.6206238721,0.3509796455,3.35709929,0.7065574919
I_031,C_12,B_0889,0.6335047325,26.82995627,82.37418327,0.3438237352,0.6621431014,0.7375428666,0.2361357132,4.431711971,0.6930231232
I_072,C_07,B_1351,0.5169515137,33.84592313,90.38972902,0.5817439601,0.6267466405,0.7642020329,0.1730085173,4.202223733,0.9335638489
I_096,C_18,B_0553,0.4839257464,21.75911785,72.24005533,0.4692202911,0.882734157,0.8496391699,0.3802281522,4.330311796,0.9229485702
I_084,C_20,B_0744,0.6823444547,30.24529106,81.64249364,0.3246769051,0.7452672469,0.6949621201,0.4139245483,4.341048193,0.7744038178
I_038,C_06,B_1542,0.4757932338,24.86294465,76.49722265,0.5355353144,0.6826365543,0.8544319869,0.1570798618,3.840508382,0.9542264405
I_107,C_05,B_0539,0.591824581,39.24684163,62.31517114,0.4052645564,0.8115121527,0.8068918057,0.1277232536,3.850757499,0.7997437231
I_028,C_20,B_0907,0.4261046961,22.72712624,78.75854556,0.5601801967,0.7667939597,0.5058378085,0.2442351466,3.712189619,0.5543190295
I_051,C_06,B_1395,0.7909313709,23.11436161,89.19537276,0.3045183216,0.7417081623,0.8945659723,0.3352953272,4.749525418,0.965753562
I_024,C_02,B_0116,0.6533969453,23.6542022,91.86969643,0.2982942048,1,0.9915852545,0.4179537264,5,0.5910033361
I_019,C_07,B_0830,0.5003199533,24.78100779,66.14918312,0.4775521366,0.7495568311,0.6186331739,0.09892851593,4.654842838,0.6432752543
I_003,C_17,B_1938,0.5682701555,30.45825465,88.25506058,0.4577826257,0.6332040684,0.9364299106,0.3517422016,4.763315191,0.783627454
I_027,C_25,B_0809,0.6557196221,25.49055655,100,0.3880659861,0.8497260469,0.744438843,0.352654059,4.029739663,0.7683045504
I_013,C_17,B_1311,0.8629660677,40,84.3399205,0.09805894946,0.4341060015,0.7310239873,0.2313636386,4.720433823,0.9182530133
I_065,C_04,B_1005,0.7447371259,17.36351985,86.60584459,0.2715559037,0.8180362697,0.7092392143,0.3963016694,3.880348012,0.8229942419
I_073,C_06,B_0306,0.3529002042,23.17240126,83.44540074,0.678832893,0.7391836222,0.6591977623,0.1673323447,4.135981367,0.6453435675
I_027,C_03,B_1101,0.4843689152,22.00936962,88.64628653,0.4511213329,0.7028370681,0.8619460042,0.1977981242,4.276025529,0.3922330844
I_066,C_05,B_0480,0.9210261272,30.91436096,74.53904086,0.1275852607,0.5996965801,0.8010443435,0.237052125,3.303717159,1
I_068,C_19,B_1424,0.4984436855,28.40763965,61.89355032,0.4308778032,0.8051537302,0.4664192271,0.2251387353,3.669828704,0.869408616
I_053,C_01,B_1076,0.4042103922,24.86281511,77.05910824,0.5581593148,0.7912848276,0.839537204,0.3032736346,3.799690147,0.7041267884
I_092,C_08,B_0571,0.6747596901,26.68037784,86.80657363,0.3157011931,0.9175006583,0.8781683417,0.2832849499,5,0.6669966032
I_094,C_21,B_0619,0.6174315318,17.00842426,91.73987482,0.4471830657,0.9410856045,0.5816248889,0.1311719668,3.72093178,0.8750087269
I_010,C_09,B_1898,0.8920026401,36.27699085,83.37701427,0.1028761242,1,0.893039088,0.4799824669,4.93980004,0.8433422145
I_102,C_11,B_1266,0.7219492896,31.91111208,88.27281294,0.1581507966,0.6641932755,0.6302836605,0.3317942249,4.464050105,0.7215233305
I_035,C_09,B_0079,0.4072637711,20.72508085,64.95560058,0.5441695942,0.7081473237,0.594483735,0.2483465754,4.045479839,0.4365381272
I_115,C_10,B_1912,0.3570363571,26.19756923,69.64284127,0.650710192,0.976789603,0.6739402391,0.1284794092,4.551738732,0.5762530116
I_058,C_04,B_0033,0.8951435922,31.24207574,88.8165012,0.05980830897,0.7587260514,0.9901017436,0.1688381419,3.96703802,0.7937097384
I_116,C_22,B_1538,0.5747674856,25.8161885,75.99538945,0.4369363474,1,0.7331653107,0.2738639337,3.972111741,0.6135136956
I_085,C_09,B_1034,0.6344192361,25.31913254,95.0444397,0.398151257,0.6416670991,0.8377273559,0.3148755642,4.192671186,0.8334888199
I_049,C_24,B_1563,0.6993601795,36.77537979,71.96775641,0.3350069924,0.7112541385,0.8195803617,0.4044786265,4.592566567,0.9988891623
I_037,C_06,B_0352,0.9139895386,35.06574772,74.77650779,0.02,0.75597055,0.9762744572,0.4468537717,4.379916766,0.7452249292
I_035,C_24,B_0164,0.6722343437,29.29925392,87.76410394,0.3027460493,0.3680254663,0.6942947268,0.2702340231,4.937148839,0.9833727754
I_059,C_15,B_0204,0.3726506989,20.96884589,60.68267366,0.6326263572,0.8956709943,0.770599854,0.02259772007,4.218897521,0.4609094268
I_038,C_05,B_1054,0.4058189929,23.41328388,74.93033224,0.615817202,0.7410697518,0.7569041036,0.1818163558,4.088878075,0.8177515792
I_062,C_19,B_1365,0.6122536481,32.16870017,85.73812049,0.4290096434,0.8080408083,0.7411400229,0.1567058888,3.628416799,0.9282048552
I_119,C_19,B_1967,0.5235063615,33.00875866,58.97123109,0.5310537891,0.5834943538,0.6451104479,0.2681670313,4.173915262,0.8763688253
I_026,C_10,B_0496,0.4439199608,20.66960024,65.3687582,0.4380470959,0.709236577,0.5863581924,0.3194623454,4.330834317,0.747652364
I_055,C_14,B_1625,0.504816204,27.74467958,77.92248245,0.4849135745,1,0.8676206864,0.3141541396,4.431115131,0.6890817119
I_030,C_12,B_1966,0.6444505668,27.64514126,100,0.267368325,1,0.8580679537,0.2246195228,4.413075524,0.8287463231
I_099,C_13,B_1963,0.419557142,32.54871221,75.6927619,0.6308912428,0.9024391679,0.6404126762,0.3718792562,3.96450045,0.6728326132
I_086,C_06,B_0611,0.4246508149,21.86504519,70.86554747,0.5803633109,0.8639916973,0.6116503248,0.2386609859,4.181674165,0.6506643087
I_019,C_02,B_0433,0.4789943844,25.19890539,89.2354387,0.5257331082,0.7079117742,0.6525014445,0.3014767678,4.246401714,0.5680766301
I_037,C_18,B_1492,0.8856630296,39.82138927,75.0200744,0.07266196257,0.9247198737,0.8079102074,0.3425960466,4.871346712,0.8999933514
I_084,C_23,B_0219,0.618016899,27.69309238,80.51777006,0.3457706406,0.7438806592,0.9837116787,0.4427062113,3.732900318,0.663669264
I_031,C_08,B_1931,0.4325657755,29.38875594,69.00096773,0.5197667965,0.826038456,0.6913068708,0.3560050987,4.114026043,0.5782798647
I_006,C_24,B_1466,0.5135868121,21.28554284,71.14516744,0.5218756492,0.8038340183,0.7164280915,0.2686858314,3.705365315,0.6113152769
I_100,C_02,B_0631,0.5285163716,26.94359851,94.53434075,0.4747566309,1,0.6523729012,0.3100787708,3.690151037,0.4851204919
I_063,C_17,B_1382,0.6004063035,28.83978447,82.72598567,0.526174767,0.7675153816,0.9984104478,0.07833015793,3.653488344,0.7490100205
I_006,C_16,B_1302,0.3904959007,21.41157249,59.24095726,0.6329168933,0.6968200144,0.6874052366,0.3189509051,3.782840512,0.5403558278
I_039,C_10,B_0060,0.6489170561,26.28174946,77.75189456,0.3429159214,0.7151732775,0.6615046358,0.3471831593,4.526706853,0.8627597999
I_098,C_14,B_0299,0.4603120003,24.14073077,75.88810643,0.6019215086,0.8299569658,0.7531032034,0.3483706023,4.48997616,0.5832961124
I_098,C_15,B_1711,0.5913399999,29.50034552,82.6244165,0.3764808091,0.7346118678,0.6586064768,0.1923797356,4.677038869,0.6564070841
I_060,C_04,B_0074,0.7502061446,40,72.88963783,0.1839340775,0.6485319844,0.8198433977,0.2237546657,4.639266303,0.4402059182
I_091,C_02,B_0163,0.8780946147,40,73.75956978,0.1779963673,0.7227584537,0.9153244814,0.2907978676,4.445909721,0.9800133423
I_051,C_12,B_1275,0.7253310667,30.43869536,87.12951141,0.2712234344,0.8721052974,0.8086682994,0.2541792897,4.518446385,0.7547041145
I_083,C_12,B_1594,0.3769463704,36.22240896,54.43028878,0.5877631083,0.3160711109,0.8044876036,0.2497362403,3.624658368,0.2953277882
I_031,C_10,B_1434,0.3,23.65712523,86.03132002,0.7,0.7381649894,0.6159435702,0.281174847,4.409389908,0.8907227537
I_118,C_08,B_1613,0.98,21.95242225,78.21195017,0.07820215931,0.5864231241,0.8077013906,0.1759081323,4.859535773,0.854413118
I_104,C_15,B_0592,0.6604534781,31.54008632,79.89834412,0.3688085251,0.5649643289,0.5039245319,0.3233414815,3.732881188,0.4843329954
I_067,C_14,B_0317,0.5258189269,20.51464694,78.73521099,0.4234441708,1,0.738544362,0.3352595599,3.657002571,0.6948984786
I_062,C_17,B_0046,0.5019090727,26.64149461,74.69935718,0.6071614595,0.905983012,0.8465967048,0.1201175085,5,0.6552444662
I_074,C_12,B_1720,0.3237944711,24.26063842,68.99991298,0.6663540426,0.7016410178,0.487274441,0.09581109497,4.426911981,0.3834777695
I_073,C_22,B_1832,0.3693570036,20.5634816,69.55085391,0.5466240311,0.8277896824,0.6258826331,0.1567031371,3.498811396,0.9997554658
I_064,C_21,B_0428,0.5595960396,22.70916422,71.15097751,0.5085347414,0.4856517777,0.936060967,0.232445131,3.89954997,0.9359886758
I_117,C_02,B_0582,0.5608764756,33.23771332,70.42244726,0.3853684298,0.6390463342,0.7160356047,0.05907049948,4.498432858,0.5947062727
I_008,C_02,B_0077,0.48930663,30.20354179,86.80931746,0.4273953467,0.7438392856,0.6909859748,0.2427617571,4.393733378,0.930189502
I_087,C_03,B_1917,0.6970698297,23.89742083,96.18089681,0.3595196736,0.6640796941,0.9574514742,0.1867651205,4.343498671,0.7649484147
I_036,C_11,B_1415,0.4115613447,28.27164682,69.28310245,0.655095077,0.5154582579,0.8285192643,0.06827485078,3.393616893,0.6908460035
I_053,C_18,B_0781,0.4264121966,19.35975022,54.24981252,0.4962905943,0.9749185946,0.5315014381,0.132794838,4.570742769,0.9523502845
I_095,C_03,B_1920,0.3,21.67585267,76.11752946,0.7,0.7796128251,0.6965960512,0.3018897723,4.418551091,0.862202473
I_038,C_15,B_1174,0.3,27.82902467,78.3093136,0.7,0.4195160827,0.5501462328,0.3464270104,4.070691139,0.6503328063
I_009,C_16,B_1320,0.6866946409,30.75555373,80.84335387,0.2574777826,0.9127900371,0.5603226531,0.1546818499,4.798258452,0.8215823007
I_006,C_18,B_0938,0.3,12.68434684,71.33497658,0.6144272201,0.7303373378,0.9568910941,0.1680609375,4.216242309,0.754703148
I_033,C_07,B_0031,0.7478070617,32.83159742,84.22696692,0.248014231,0.7376421536,0.5577816984,0.2650246964,4.096660316,0.955056749
I_008,C_20,B_1092,0.7803782937,32.12948943,72.36601154,0.2432323802,0.750419014,0.7717175222,0.3689002487,4.805929543,0.9906005726
I_114,C_04,B_1616,0.6902856348,27.40255563,90.30525036,0.3546136426,0.8439870758,0.7866012433,0.2479180035,5,0.9870192585
I_021,C_07,B_1230,0.7267629685,30.66340732,79.59674811,0.23394505,0.6842681164,0.9016051772,0.1872649418,3.763381139,0.6867104104
I_021,C_20,B_0975,0.6533156926,30.08876449,83.28910257,0.3213132074,0.7934379557,0.8431497798,0.3450999001,3.843324442,0.7665562397
I_023,C_13,B_1085,0.5683510157,24.01018975,77.20292362,0.3399341827,0.7704937488,0.6158776623,0.2229951694,4.614034185,0.6697812696
I_087,C_12,B_0515,0.7923494111,26.8202574,80.56961001,0.2670000948,1,0.852974867,0.2813096418,5,0.8684489228
I_059,C_22,B_1551,0.5731468711,17.42135075,96.57236918,0.477827705,0.7753156052,0.7456923345,0.1786764183,4.01958453,0.7247590252
I_026,C_03,B_1568,0.6361569461,34.6598242,85.47253347,0.469518769,0.5873366496,0.8508433027,0.2691931796,4.188631219,0.7546873727
I_098,C_04,B_1811,0.4479339447,26.75880193,57.4897121,0.5356530633,0.7298516405,1,0.2375857407,4.170923723,0.5753727947
I_081,C_04,B_1574,0.5865391893,30.95389237,70.77226371,0.5239173224,0.7478942376,0.5592143198,0.1331334294,4.210992949,0.722579512
I_062,C_09,B_0045,0.710836814,34.784004,79.5637659,0.2584742206,0.785901696,0.8465344721,0.1756854817,5,0.8424383392
I_112,C_12,B_1687,0.3638776309,31.7573224,62.52327193,0.5746634905,0.5634156664,0.6884156348,0.1363474829,4.053317051,0.5038596206
I_078,C_19,B_0169,0.4709576284,28.92226895,86.22242183,0.5338030081,1,0.5976163146,0.2910445586,4.428134063,0.4806221263
I_016,C_25,B_0304,0.7560452999,28.18742041,70.29839946,0.2291513004,0.8605323341,0.9728238279,0.1419755653,4.088611452,0.6845252153
I_074,C_03,B_0991,0.3024236215,22.21972561,55.76881985,0.7,0.673046322,0.7656516215,0.2787466072,3.395786673,0.7302036155
I_047,C_24,B_0556,0.4301628683,21.39153389,74.20787003,0.6195981659,0.7052937275,0.8501597081,0.17280482,4.528797535,0.6995062215
I_018,C_17,B_1925,0.7757489189,32.83560736,86.83914175,0.1420208777,0.9898626366,1,0.3227930528,4.556800415,1
I_016,C_09,B_0608,0.6167788709,30.82630763,68.16694317,0.4446133448,0.7719619548,0.9255529929,0.3449652001,4.191784081,0.7587753266
I_051,C_08,B_1619,0.7656212367,29.9475763,68.81482671,0.2271521401,0.9590485979,0.6836740001,0.2920087481,4.394443494,0.8683408167
I_009,C_22,B_0758,0.674308454,34.50254003,90.60669647,0.305443363,0.8467793946,0.4591395768,0.3718402402,4.815447758,0.9145901604
I_044,C_19,B_0439,0.3,23.19847776,72.19092138,0.7,0.7955434735,0.57108362,0.1507074682,3.992922515,0.5419445097
I_001,C_01,B_0583,0.4719230759,21.86283201,80.47911485,0.5782790442,0.9055150836,0.7483592262,0.3485540398,4.727821985,0.8843159844
I_063,C_12,B_1519,0.6781248479,31.41728679,72.07541356,0.350111855,0.7497878643,0.6809409544,0.1510656559,4.066489798,0.5618952732
I_062,C_14,B_0528,0.7772656582,25.53090629,80.07441358,0.2088003459,0.8308545296,0.8843922429,0.1730520772,3.664363566,0.8074167014
I_112,C_15,B_0343,0.4117162106,21.15667107,84.81320847,0.5453527829,0.7842350862,0.7866848127,0.3182298617,3.383880124,0.8340338137
I_103,C_01,B_1737,0.4978778713,40,90.02765279,0.4365093771,1,0.8154151915,0.2958588473,4.943520407,0.5278252769
I_116,C_16,B_0368,0.6380463742,24.59913933,65.77050695,0.3973758194,0.6418877243,0.7536265253,0.3379022121,4.16438349,0.729005748
I_096,C_10,B_0186,0.7402637047,29.55577632,80.31579063,0.2894337323,0.819656487,0.6823998711,0.3357007895,4.384189836,0.6971661415
I_001,C_16,B_1117,0.5190208831,30.2010692,82.25397483,0.4655685186,0.5553323094,0.7630341825,0.1781892302,3.852969191,0.8201955751
I_042,C_04,B_1755,0.6016567924,27.72284845,64.26504091,0.4212992746,0.8963072072,0.6198028212,0.2469300907,4.161572367,0.5714720279
I_066,C_03,B_1426,0.7392450104,29.45909859,94.31741097,0.3033035268,0.9236935216,0.9999640854,0.2279515865,4.624184115,0.8453799999
I_086,C_06,B_0301,0.4833742602,24.16429345,86.10369675,0.4567571641,0.8073167896,0.5921005832,0.2549675399,3.086353601,0.8818471463
I_085,C_22,B_1904,0.7611212219,33.80349149,72.45645429,0.2221605413,0.4536418263,1,0.2886197365,4.17310465,0.5143852291
I_054,C_04,B_0833,0.5634047539,34.24855941,82.90959219,0.4303397092,0.6340917718,0.5682040145,0.09541441452,4.323340281,1
I_053,C_12,B_0544,0.5055161089,22.68450976,91.13163736,0.4852166955,0.7531728275,0.8924107338,0.3178807261,3.633616128,0.4642853461
I_093,C_20,B_1601,0.7971953519,26.26472911,92.6842784,0.1967824295,0.7629549715,0.8348884279,0.2106180135,4.611592357,1
I_069,C_03,B_0351,0.6414508294,28.18142381,67.52122804,0.3632157324,0.9848637792,0.7411006773,0.2460450299,4.269148412,0.5896286823
I_099,C_20,B_1933,0.7812143226,26.22019206,98.89319173,0.2602389434,0.6382634948,1,0.3558848577,5,0.7190545679
I_021,C_23,B_1511,0.6934840784,30.20766155,85.51321216,0.227570516,0.9396177263,0.9255527504,0.1814567691,4.944255463,0.7979148162
I_092,C_02,B_0979,0.6147185343,26.44774467,79.56090888,0.428231437,0.7927115613,0.5136438667,0.2740700191,4.663504867,0.8898135142
I_103,C_22,B_0176,0.8329267946,35.94233963,91.63341132,0.1715801884,0.846021497,0.7704783115,0.4729113277,4.620918428,0.6507060638
I_002,C_08,B_0483,0.7637166438,32.09415469,81.81938644,0.1493488247,0.7826929134,0.8348150333,0.2619976767,5,0.5886402838
I_103,C_03,B_1413,0.8080715491,23.80537718,79.43570932,0.2384646493,0.7929410941,0.7042102556,0.2655973493,4.400864955,0.7244667822
I_114,C_12,B_1611,0.6592281817,40,66.04995802,0.4041019765,0.9167601447,0.6930218427,0.09601978292,3.984370089,0.528473145
I_045,C_16,B_0124,0.3790937139,25.38547207,76.62742042,0.4496381318,0.8842444897,0.5443248654,0.3015898437,4.054403208,0.8072184856
I_063,C_01,B_0600,0.6476656431,25.45394586,81.1760215,0.2835043553,0.7528909552,0.5333615328,0.1594271707,4.902469565,0.6799459092
I_053,C_19,B_1795,0.5840638977,18.92986608,79.89999803,0.4088356937,1,0.6341378964,0.102642862,3.825010244,0.6612372132
I_029,C_15,B_1746,0.4873252376,28.64608494,71.26710061,0.6082106611,0.7960653097,0.78773015,0.1926615267,3.886291558,0.943795794
I_038,C_13,B_1379,0.3979106541,33.98463584,64.83945396,0.6379404136,0.8022984348,0.8030721311,0.1227348379,3.935663298,0.890394609
I_017,C_04,B_1186,0.6535856715,28.90078215,65.75185386,0.3354334601,0.5628924343,0.5591317562,0.2920963953,4.585056489,0.6940923923
I_104,C_04,B_0486,0.6395151164,26.69564025,93.28401739,0.3866952141,0.9468720518,0.8415318389,0.1214399685,3.851251869,0.7986045891
I_057,C_13,B_0332,0.5926736187,26.60247555,85.55431931,0.4266407417,0.6791659287,0.6704141304,0.2635078621,4.396729123,0.7184977583
I_087,C_15,B_0789,0.7238302851,23.31138857,73.14940335,0.2642718151,0.9434885285,0.7124068122,0.1949724948,3.57477001,0.8899957183
I_103,C_12,B_0195,0.7749640267,36.16684379,70.62518092,0.1733050403,0.889700459,1,0.2602634778,4.245405073,0.8956138792
I_069,C_11,B_0638,0.5740665745,24.4488104,59.82864019,0.518647271,0.8834656066,0.7700891333,0.3724075779,4.465428318,0.8542934217
I_104,C_02,B_0472,0.6589271153,26.53093517,59.86587993,0.2845318775,0.4681460029,0.7576794648,0.1744679676,3.914803165,0.5150072226
I_099,C_25,B_1714,0.6155436666,31.55822673,80.86444509,0.3729713838,1,0.7034920551,0.3551140988,4.301902352,0.7419044695
I_105,C_01,B_0323,0.7996164142,32.01004576,83.72592514,0.1808150992,0.9285913744,0.8928676675,0.3313603489,4.43094925,0.6563239555
I_010,C_12,B_1197,0.98,34.28594309,98.1851633,0.02,0.7696152863,0.7050661546,0.1857404793,4.256290591,0.8528847469
I_113,C_12,B_0267,0.3527478439,17.43216692,97.23270174,0.575137165,0.487097232,0.8055909684,0.1383008374,3.783266635,0.7344456336
I_007,C_06,B_1544,0.8610439853,26.81493096,82.17875034,0.1228776599,0.9505880133,0.6925803245,0.2706621395,4.059463849,0.8394220286
I_036,C_19,B_1804,0.3,16.13110887,67.76366733,0.6939901628,0.6039042861,0.8283680539,0.1462742298,3.746262523,0.7695447467
I_090,C_06,B_0068,0.6356684323,35.25693757,87.51142205,0.3522686492,0.8780707913,0.7173275837,0.311888924,4.142058636,0.6733475827
I_073,C_08,B_1738,0.3,30.2166731,66.78241511,0.7,0.6603009536,0.8753477593,0.1870090541,3.858651666,0.5007442035
I_056,C_08,B_1593,0.6905587477,31.41812053,83.9526092,0.3027317349,0.8904753016,1,0.4604272517,4.309304202,0.8528089641
I_029,C_15,B_1564,0.5688372562,24.15118105,68.5570309,0.4701368963,0.6042924809,0.8729625254,0.475844412,3.995914891,0.3831701374
I_027,C_05,B_0481,0.491275139,18.33785866,66.80170708,0.448220752,0.9514093489,0.5968957619,0.05826074463,3.753403069,0.5957119868
I_041,C_17,B_1757,0.37773321,18.90877264,80.6144951,0.5893452331,0.9194414468,0.2967840859,0.2712064643,3.637598826,0.6666678531
I_048,C_01,B_1913,0.6402621709,29.08367958,87.19557576,0.3713653473,1,0.8875166178,0.3268910538,4.998017919,0.7621343164
I_015,C_18,B_1441,0.6940026247,35.58838643,84.979629,0.2891849039,0.7541901311,0.6014886219,0.2987885496,5,0.9658292115
I_020,C_22,B_1461,0.4471684886,20.97950641,85.51173023,0.5085002807,0.4842579366,0.7911217643,0.2524069758,4.445568992,0.8154023524
I_015,C_16,B_0888,0.7668771606,33.97278772,86.09125401,0.2753799447,0.5951427887,0.8072391769,0.2388993819,4.457177314,0.7783948641
I_021,C_18,B_0423,0.6638386379,33.15638668,92.72081701,0.2817692105,0.6554217496,0.8736430002,0.3529923146,4.653692214,0.7117035651
I_014,C_04,B_1675,0.98,23.22146597,91.37211742,0.02,1,0.7053978765,0.4206343451,4.977579723,0.8169083607
I_002,C_14,B_1450,0.6931141749,37.64266289,82.59145475,0.2068870946,0.7129980252,0.5349260278,0.2713538177,4.161638969,1
I_111,C_24,B_0765,0.6620690419,24.84651153,83.53984374,0.3250976918,0.5573316298,1,0.08545014258,4.588124269,0.6929604217
I_032,C_12,B_0520,0.4906138466,29.17778214,80.9867359,0.4684529786,0.7554940305,0.8185039545,0.2886864509,4.057141629,0.8028187593
I_038,C_17,B_1432,0.4192723397,14.87987029,57.30596285,0.6247531947,0.5288867358,0.7532774021,0.006768361774,3.522557376,0.6216859673
I_078,C_09,B_0614,0.7343070117,27.66053351,97.59894525,0.2393848232,0.8590343247,0.9719479824,0.2803328236,3.958061541,0.4124107729
I_052,C_01,B_1531,0.726307981,17.24471238,69.6536751,0.2752095769,0.9165769132,0.7456909171,0.2712335603,4.388184271,0.6904689398
I_017,C_24,B_1783,0.7179591048,32.42236368,79.28145319,0.3675363293,0.7053136187,0.9965295403,0.4460292263,4.053965945,0.8596140351
I_008,C_23,B_1659,0.6468621913,28.47827455,85.11308894,0.3913022219,0.8505701729,0.813884692,0.2877145522,3.960105323,0.797398929
I_095,C_10,B_0454,0.490861459,26.31807457,76.68048625,0.5141416181,0.8682625485,0.4977260015,0.4546972752,4.715824763,0.764544192
I_037,C_11,B_0731,0.98,34.67076177,84.77661349,0.03771907951,1,0.9709975811,0.3045797175,4.774220214,0.8459049172
I_042,C_03,B_0535,0.5930116272,13.42403748,80.46414122,0.4105611631,0.6891772497,0.8088471737,0.330452485,4.162042021,0.7970548623
I_059,C_09,B_0966,0.7126250102,17.36328751,79.18768602,0.2938150894,0.4730195822,0.7930337341,0.3324531443,4.13176499,0.7504310012
I_097,C_12,B_1285,0.6427547875,19.33172949,74.85231366,0.3235541447,0.8186759633,0.9024643039,0.3257068557,4.511695699,0.8251266304
I_022,C_23,B_1740,0.6798100084,16.70451507,72.2280922,0.2989352512,0.7128222602,0.9399276259,0.2469492655,3.692556155,0.9628970018
I_039,C_14,B_0262,0.5811061154,22.69135583,81.87115,0.4167671869,0.8231526292,0.7493229923,0.2542358749,4.337302058,0.7511949155
I_070,C_06,B_0536,0.3228114287,32.47657003,53.14920614,0.6608518933,0.5967993555,0.471738,0.4156948914,4.815288265,0.5299098048
I_077,C_03,B_0969,0.5461298362,33.03193239,41.09823561,0.4510569781,0.7690870598,0.9251312407,0.1536085786,3.993496006,0.775887389
I_062,C_03,B_0241,0.6432432444,23.42440167,76.16798051,0.2916839085,0.7430833832,0.7088783351,0.3302130457,4.343652435,0.792857697
I_086,C_09,B_0820,0.5421004155,22.59830448,75.26714235,0.3727583791,0.7101479806,0.7296729079,0.2662220644,4.875324905,0.7344852082
I_093,C_13,B_0693,0.7341962101,35.97619894,83.58505136,0.319023087,0.906194249,0.5261201622,0.3273644555,4.659587231,0.8958905388
I_027,C_20,B_0421,0.524403503,17.79722128,91.93526734,0.4135697056,0.7729170684,0.8807414455,0.2422718272,4.699208279,0.814119633
I_055,C_04,B_1086,0.5949465087,26.26048336,74.33905208,0.3647146548,0.4440665326,0.7383484364,0.1473473978,4.434144739,0.8960629974
I_045,C_08,B_1999,0.3220871404,15.08774814,77.05213624,0.7,0.4684128583,0.7842903427,0.2247490496,3.835970312,0.8096092728
I_033,C_11,B_0366,0.5933812839,27.52998937,85.84990733,0.4278455577,0.7304063571,0.6700548656,0.1991377793,4.453849616,0.7821491959
I_108,C_02,B_1023,0.593983607,34.0739243,76.51933482,0.325636041,0.7796489139,0.8285692228,0.231623431,4.314935191,0.6538041868
I_095,C_08,B_1241,0.6251907385,21.52151893,56.30569285,0.3212600875,0.7590366463,0.903344025,0.2862660896,4.374304113,0.6294132732
I_118,C_18,B_0589,0.757679143,30.83447213,80.36397444,0.2782333703,0.9686191377,0.8099466963,0.3313437718,4.774022236,0.8221536361
I_089,C_07,B_0737,0.5301893402,25.58310346,56.89524622,0.4801686758,0.8313125423,0.7879456432,0.2295081824,3.475491922,0.717899478
I_025,C_15,B_1762,0.8371870195,26.49610256,92.53011988,0.0973034765,0.9074217642,0.9211875602,0.3189438674,4.35297029,0.7297643134
I_047,C_22,B_0942,0.6949675054,25.90817972,77.66166626,0.2830065305,0.7732938361,0.8010177447,0.1654301217,4.027831772,0.7688182975
I_092,C_25,B_0072,0.7217865965,20.19823008,83.55297614,0.3388753954,0.8813567329,0.7832412821,0.2354449997,4.04084769,0.7373527537
I_111,C_05,B_1408,0.5620750771,33.57195443,71.75949368,0.4579650675,0.7739433673,0.8511734401,0.192110188,3.840264979,0.84673617
I_052,C_08,B_0260,0.5669861623,22.49945567,78.09870814,0.4323733515,0.4188030418,0.5400674494,0.1209566433,4.062574661,0.6051538368
I_116,C_22,B_0052,0.671938288,26.64421422,92.56002707,0.2689627416,0.4136066656,0.6383378555,0.2513914796,4.081986986,0.740197378
I_029,C_12,B_0199,0.6847981431,25.13112874,72.05178019,0.2930830973,0.7554279851,0.6624023241,0.09252047705,4.106681484,0.6112860409
I_064,C_25,B_1789,0.6673705402,33.96276658,73.4606758,0.4160747515,0.6707501341,0.7955753695,0.3201155148,4.107914051,0.7126301396
I_004,C_19,B_0651,0.471438536,18.78733955,75.57338116,0.4616547095,0.8560195477,0.9089439533,0.2791796313,4.57783603,1
I_089,C_01,B_0333,0.556363339,23.29790689,55.55351986,0.3918312178,0.8001169377,0.5012122045,0.1336991208,4.432774977,0.6630758303
I_037,C_04,B_1360,0.822771769,38.49104895,79.26192185,0.1502874671,0.9885524415,0.8436939636,0.21460727,4.071718444,0.7084354579
I_117,C_17,B_0594,0.6712632502,27.29207758,92.069157,0.338070596,0.9833290996,0.9369318276,0.3702670595,4.199999824,0.9534596113
I_053,C_13,B_1392,0.5645297105,25.68915277,82.24093676,0.4016211332,0.866159114,0.6701841956,0.2412890228,3.442268374,0.4375931301
I_011,C_09,B_1801,0.525437906,30.124437,79.89823958,0.5480821321,0.5285076267,0.6615813908,0.3194009153,4.020044305,0.6917243034
I_065,C_02,B_1315,0.5703362744,28.31324803,81.70064248,0.3272786884,0.8635358898,0.7183683418,0.07439196732,4.62330937,0.5647702618
I_042,C_24,B_1112,0.5390922909,31.03195369,55.80981298,0.4842882436,1,0.7463702772,0.1246488235,4.157688235,0.8616362108
I_104,C_12,B_1007,0.5193831144,26.34661581,68.95908089,0.4823154746,0.6739746849,0.759412119,0.2792395948,3.965354726,0.6135385249
I_094,C_04,B_1327,0.6795645381,20.52067639,52.33153013,0.2899073769,0.6883198299,0.8513328908,0.2285858988,4.503253487,0.6042496096
I_111,C_04,B_0427,0.6811416337,31.95100884,66.16176657,0.4200246035,0.9637331843,1,0.3472091888,4.481439626,0.7142667344
I_070,C_19,B_1559,0.3,19.17112385,65.6624515,0.6468121408,0.7941612109,0.7692084015,0.3263707741,3.178970895,0.6304498413
I_038,C_11,B_1294,0.3734488633,13.31936443,67.55862836,0.6383336742,0.8942239152,0.758074242,0.2422149694,4.336777643,0.8001943753
I_089,C_08,B_0591,0.5158598486,27.5259922,88.69885228,0.4903698919,0.8523707016,0.6853758376,0.300428922,3.77276629,0.4498585631
I_109,C_14,B_1958,0.7240004034,33.98062823,84.90865134,0.1492561809,0.7816682412,0.9856723954,0.2789467554,4.751084925,0.7739405547
I_029,C_07,B_1977,0.5582362569,27.7384021,81.14215204,0.4437098105,0.8843862294,1,0.1704815291,4.748911844,0.537051272
I_111,C_24,B_1133,0.6724876963,26.43358188,93.00652664,0.3314714131,1,0.7775679241,0.2098900481,3.940732207,0.7973136898
I_053,C_14,B_0986,0.5642988078,21.7707139,70.07912526,0.4879320867,0.8395376313,0.6806710858,0.1682294629,4.043536564,0.7854689804
I_120,C_18,B_0399,0.4625779791,25.15049791,84.78707383,0.4442442189,0.8166786497,0.7438199145,0.1777669037,4.387377173,0.7662868821
I_090,C_05,B_1512,0.6333896348,39.47664445,75.82902499,0.3491400594,0.9287916423,0.7272605208,0.3342717477,3.839745154,1
I_049,C_10,B_0437,0.64377407,35.08289191,85.01062851,0.3488642211,0.801714705,0.8840130408,0.292270578,4.046966544,0.6569588495
I_101,C_14,B_0193,0.4819464705,30.51639076,71.80234362,0.4846983982,0.9619151274,1,0.08023924791,4.938827057,0.5346282315
I_100,C_04,B_1436,0.4010217671,16.82205865,58.26377409,0.4683183889,0.8143440716,0.7791975733,0.09169703946,3.612355067,0.8611093087
I_092,C_25,B_0615,0.6665346086,33.7497114,84.56497145,0.3363370944,0.4083776043,0.8941820106,0.3640424723,4.35885923,0.7221420449
I_106,C_11,B_1494,0.5577619236,22.94225084,97.27253319,0.4202943523,0.7358616385,0.6883689378,0.3865375123,3.926236723,0.618667224
I_117,C_06,B_0577,0.5501929507,25.74022743,78.23292561,0.4668852459,0.7525636135,0.8507804534,0.3582494641,3.847696458,0.557504784
I_023,C_16,B_0987,0.4500394252,19.90468463,70.3922498,0.5751346146,0.6074734904,0.7426120217,0.3877696125,3.738949015,0.4535212776
I_013,C_21,B_1433,0.8273714354,32.54614952,80.45280073,0.2256743201,0.9322798398,0.6883705729,0.1965085372,4.020975445,0.7115736584
I_029,C_04,B_0707,0.4743022613,28.34653736,85.75910107,0.5986827081,0.6342145502,0.6516077168,0.3880865617,4.012601439,1
I_004,C_15,B_1259,0.4061163414,34.89579189,98.13461342,0.5904908226,0.7856994578,0.6509712451,0.3939379631,3.943107837,0.5788237642
I_005,C_19,B_0142,0.8333202971,29.12482587,88.80420324,0.2694467699,0.7771063305,0.7837260134,0.3511643271,3.707827781,0.7719174864
I_035,C_23,B_1358,0.7841517247,23.93930935,82.68142524,0.2320005619,0.9283978819,0.8366583887,0.2280232541,4.463400189,0.5990394915
I_093,C_04,B_0003,0.6042996937,35.47619846,76.40641251,0.3655510094,0.6662042553,0.6502575286,0.3859275216,4.448474792,0.885501389
I_056,C_12,B_1222,0.8135544319,40,73.15885882,0.1819538317,0.8017323321,0.7544374449,0.1937812195,4.178802581,0.8017112707
I_047,C_14,B_1870,0.5608217827,25.51788899,74.7227271,0.3860737589,0.7929011193,0.8320204452,0.191685618,4.612525881,0.742374989
I_008,C_15,B_1623,0.7456402492,18.68325812,94.16324839,0.1976988781,0.7965839808,0.6560740781,0.3016323725,4.153343003,1
I_007,C_07,B_0340,0.6749257175,21.24701237,85.51778484,0.3672590033,0.5862174536,1,0.3003466687,4.894288806,0.7541785344
I_027,C_14,B_1770,0.6748584194,23.68945125,67.44602561,0.2338586621,0.7446311109,0.6170692116,0.02906396038,5,0.6661629973
I_063,C_07,B_1537,0.8135588984,21.96669854,70.21929737,0.1643607311,0.9452355837,0.6226824876,0.3323605037,4.133193167,0.8267451385
I_090,C_12,B_0484,0.7133117862,32.62625709,99.31067759,0.3024826506,0.7230573167,0.8583646013,0.1890050951,4.999886261,0.8533725818
I_101,C_03,B_0266,0.4880076565,29.78538721,72.47923485,0.4188222062,0.7796158377,0.9699060792,0.331964965,4.381855948,0.9634136169
I_112,C_18,B_0377,0.5264797612,16.46958357,77.55024589,0.5293519455,0.7017301712,0.587548834,0,4.237457104,0.5937024534
I_113,C_24,B_0742,0.3276628157,27.20699187,69.86297246,0.6739844242,0.4578375849,0.8379536978,0.2749496178,3.966754632,0.622017473
I_026,C_02,B_1014,0.5056279999,23.29218232,77.42670553,0.483638909,1,0.5864073172,0.1911306835,4.07813304,0.6564315433
I_092,C_22,B_0440,0.5426693237,26.45823445,77.14300475,0.3950947805,1,1,0.2898696483,4.672138244,0.6774996736
I_002,C_14,B_0272,0.582998679,27.8904163,77.61885394,0.3588343373,0.8669558064,0.8384858414,0.3799319742,4.188613853,0.8433710488
I_063,C_17,B_0185,0.6199780935,30.61228543,84.05310964,0.4061659723,0.6468711916,0.7887703781,0.1871256024,4.024031493,0.67859232
I_115,C_06,B_0940,0.5268259519,25.35165425,67.24140321,0.5179194915,0.9847184252,0.8084949483,0.05538793243,4.039196951,0.4119965557
I_106,C_02,B_0245,0.5600362898,28.75756598,65.19917696,0.442653732,0.8228730496,0.7282781532,0.2594125422,3.867216352,0.6903497449
I_092,C_01,B_0932,0.6442479346,31.39186242,72.53161911,0.2957214065,0.7806589666,0.7738143425,0.2691289431,5,0.7849359655
I_099,C_21,B_0446,0.7382259688,34.40504666,76.99523376,0.325419793,0.9450253694,0.7836466363,0.4531828883,3.743018629,0.8622461741
I_061,C_25,B_0597,0.3480966111,20.40425683,67.67597644,0.7,0.5698957975,0.3098867949,0.2511683889,3.453594562,0.4182484387
I_109,C_22,B_0818,0.8393281247,34.59791431,81.92438435,0.15682719,0.8234165624,0.6338755067,0.2092492186,4.578078771,0.7964561454
I_008,C_23,B_1273,0.6097569684,28.9348971,72.81741019,0.4389004731,0.5686181055,0.6236818447,0.3056166294,4.450321315,0.5193197757
I_055,C_20,B_1677,0.5460087687,31.46758534,90.43482272,0.5090579243,0.7800397762,0.719549322,0.1768183045,3.45543055,1
I_033,C_13,B_0487,0.6657395272,22.19072056,65.14187711,0.3839803619,0.6598368553,0.7890774556,0.1611451279,3.594168463,0.9128748096
I_013,C_15,B_0681,0.8636487749,25.14497129,70.98731883,0.1698462819,0.8421415545,0.5592500217,0.228099013,4.345840261,0.6917461316
I_109,C_24,B_0416,0.5507581847,29.78279203,97.67035287,0.4691446442,0.638083768,0.7785084368,0.3555122487,4.354775279,0.8304640968
I_092,C_25,B_0274,0.466462447,20.53892602,77.97261964,0.5137213323,0.7983707432,0.8040201771,0.2825127913,4.05338307,0.9973941469
I_107,C_25,B_1472,0.4950470782,20.57330109,70.56686868,0.4604485091,0.7920900388,1,0.2044659525,3.552571001,0.8374981386
I_107,C_09,B_1830,0.6741132705,20.88565719,83.39405754,0.2359547985,0.5196704899,0.9490428005,0.2917486021,3.675236127,1
I_036,C_25,B_1455,0.3829671732,25.26152323,81.55817952,0.645224515,0.7151632035,0.6930679732,0.2726454136,3.341985583,0.9184578735
I_032,C_18,B_0251,0.3955886079,24.73965511,81.65205556,0.6248264162,0.5611434015,0.586746362,0.2028251443,3.65522638,0.6452242677
I_038,C_17,B_0414,0.4880327414,23.46179365,54.44359346,0.4269082827,0.9658416239,0.6833953851,0.3260550682,3.630893097,0.7029576177
I_017,C_20,B_1386,0.7562770751,28.20896037,100,0.2033973103,0.9287820402,0.7954216993,0.3245467238,4.735062564,0.8500371658
I_010,C_10,B_1308,0.9124623044,38.44551389,89.79786443,0.02,0.7517493021,0.5894421993,0.2936865085,5,1
I_024,C_21,B_0716,0.82360426,34.17517077,80.52711356,0.2127210432,0.5822958306,0.7202055277,0.4012441862,4.396698177,0.4935418022
I_003,C_19,B_0311,0.8760225081,30.00580522,78.55545921,0.1522154516,0.7987153003,0.9605045543,0.3955199792,4.9169703,0.9689271501
I_073,C_09,B_0927,0.3,24.46103039,64.02892423,0.7,0.9852374925,0.6652529793,0.09012770931,4.19707995,0.6319976506
I_018,C_13,B_0382,0.9214522761,32.34922446,87.04644904,0.1332031246,0.8774363456,0.7666087415,0.3052479368,4.781878421,0.8501553481
I_107,C_06,B_1566,0.5397233351,30.58339054,78.27536268,0.4314284486,0.9144991586,0.6976845643,0.2018064801,4.573325235,0.9023268777
I_028,C_09,B_0426,0.5689890746,30.43522327,67.3673836,0.4837714987,0.9006091067,0.5246858144,0.3421084814,4.090708785,0.7145283094
I_083,C_20,B_1875,0.4899460995,27.16391737,53.72362293,0.502039951,0.6019826237,0.4319366585,0.1310877568,4.290200486,0.6308674631
I_049,C_01,B_0533,0.707877124,22.76096172,81.97429745,0.2941046792,0.5953458575,0.6601758766,0.272435449,3.776438561,0.5850178349
I_012,C_10,B_0753,0.4753413697,28.50732928,91.72168707,0.5300783037,0.7005066052,0.5058709915,0.196747565,5,0.9271890433
I_016,C_25,B_0766,0.5103329157,31.20381428,82.35843015,0.4672829426,0.5688642331,0.7425178697,0.2395039668,3.649951961,0.94707082
I_030,C_16,B_1357,0.8864422112,24.56041343,88.91755346,0.1002176378,0.9065938062,0.5832043802,0.2169393023,3.874315042,0.9892864911
I_086,C_22,B_0409,0.489734075,24.00694593,79.75184721,0.4838723098,0.7384350051,1,0.2786305193,3.728722046,0.3954329341
I_113,C_09,B_1615,0.4027393564,14.97026751,40.38672466,0.5780859228,0.4575132593,0.6709442595,0.2995402806,4.248607318,0.519181674
I_074,C_23,B_0695,0.4762820829,13.78451874,75.2233554,0.516517119,0.6869736995,0.7920088061,0.2573762284,4.295600713,0.6322770241
I_118,C_23,B_1739,0.8532428731,35.69924378,94.21587084,0.2275954307,0.6666635787,1,0.1503203137,4.086924189,0.9634215604
I_103,C_24,B_0549,0.8213722169,23.83406799,95.70888663,0.1596944688,0.6387293176,0.5509512152,0.2702573183,3.833517066,0.9551694431
I_035,C_04,B_0937,0.4728826265,25.55803878,76.95367605,0.5804574733,0.6844515532,0.8419987537,0.50102443,3.65024685,0.7840895945
I_066,C_25,B_1390,0.8146944668,31.12796486,77.71086066,0.2164124469,1,0.7348871048,0.2545780141,4.552118911,0.8853851793
I_078,C_19,B_1608,0.5748419046,18.74531227,69.46967961,0.3880144609,0.7629254672,0.8204795661,0.2175710322,4.418120735,0.6300336894
I_043,C_11,B_1940,0.6823648794,31.4605941,78.1951952,0.2601368316,0.7906160375,0.6456575281,0.2921552467,3.541874332,0.7201186733
I_104,C_18,B_1482,0.4413193737,24.8827304,76.9911823,0.5877655717,0.798544862,0.928086076,0.2516112758,4.086740964,0.5021147255
I_077,C_12,B_0183,0.6541349739,35.13801621,68.40841718,0.2527605543,0.8379922064,0.6383528272,0.4535184687,4.498986375,0.7428389753
I_040,C_22,B_1941,0.6189451041,30.11615814,73.43784466,0.374903795,1,0.5563638749,0.1859148753,4.337263037,0.8585839279
I_014,C_20,B_1161,0.7796811263,32.03107161,72.02117172,0.251625121,0.9950358314,0.8717835539,0.3121626554,4.824137166,0.6942327186
I_001,C_10,B_0171,0.5431225705,34.69474478,90.50114757,0.4630694291,0.6457804953,0.7385820677,0.2871365145,4.249950572,1
I_056,C_13,B_0293,0.7577084173,34.19553644,70.13144484,0.1937774772,0.4751789633,0.802775431,0.2615510074,4.200907842,0.6509657781
I_013,C_06,B_0562,0.880014218,33.86878077,67.32476329,0.05501824335,0.877523013,0.6955476284,0.3322482432,4.830356838,0.8553157242
I_026,C_21,B_1457,0.6152998668,23.73613798,100,0.4017312496,0.6896484861,0.795080948,0.2540727835,4.862591214,0.6259508664
I_095,C_08,B_1877,0.4008044263,18.62423899,70.59130205,0.6690621144,0.6687603171,0.8098953997,0.367373332,4.336772492,0.5786699896
I_111,C_14,B_1652,0.7198031582,34.70892308,76.64475435,0.3916224211,0.5183210954,0.7611045155,0.2193151839,3.535715588,0.671660029
I_105,C_12,B_0850,0.8477236959,36.47973739,92.96454303,0.1233437098,1,0.8438015973,0.2903580109,4.405888257,1
I_002,C_15,B_0273,0.98,29.84540671,91.46424546,0.08020851846,0.7025131554,0.6240292159,0.2332740605,4.614544476,0.8123239294
I_043,C_02,B_1550,0.6413288262,29.08513051,96.5826802,0.3888785521,0.9249469185,0.6340413188,0.3608790151,4.303348341,1
I_014,C_14,B_1035,0.7317164962,31.36169048,72.04943389,0.2529782575,0.8948275881,0.6767060741,0.3014346086,3.999149575,0.8335443205
I_026,C_15,B_1744,0.666694392,24.76701666,79.31682322,0.3067446474,0.8214722315,0.6743255961,0.3692545079,4.751642402,0.7528528874
I_036,C_03,B_0372,0.5883265584,13.3302079,78.9311486,0.4205020823,0.9711467867,0.8090059048,0.3695314195,3.783286472,0.6131540951
I_068,C_23,B_1670,0.4760639312,31.44792763,71.9049531,0.4928087514,0.977443226,0.3677485328,0.1906694926,3.919139047,0.42003115
I_036,C_16,B_0722,0.3747700415,23.3843311,59.68264341,0.5449063652,0.6328741582,0.6933036286,0.08603311751,4.398365881,0.5215424486
I_055,C_10,B_0734,0.5437624711,32.74214612,88.52463769,0.4891169919,0.8427835829,0.8155740718,0.1632716142,4.74718537,0.8999021778
I_057,C_07,B_0778,0.6345856998,30.90437038,85.71143465,0.4470531125,0.9991322853,0.8827840724,0.2157507525,3.789785498,0.5446847561
I_066,C_24,B_0519,0.5950960215,30.06859258,80.83436469,0.4606912696,0.8350538902,0.8491427507,0.2067119398,4.443394303,0.9186525062
I_023,C_20,B_0335,0.4574109832,16.18882325,55.19090856,0.5863636986,0.8435351616,0.6590205189,0.1976103579,4.802841832,0.552841666
I_020,C_13,B_0846,0.4628288315,21.71000839,95.90009482,0.4310673659,0.7776802512,0.8524103107,0.3993526038,3.635236515,0.4338789384
I_024,C_13,B_1252,0.5265100447,27.97134216,89.00505087,0.4632023433,0.8536707956,1,0.1363281507,3.940636302,0.98719998
I_052,C_18,B_1053,0.3747722183,28.52246148,55.62190216,0.6217595765,0.9993695972,0.8161692612,0.0959465306,3.622502023,0.8552112032
I_099,C_24,B_1924,0.6073016243,23.26549957,83.3433525,0.4430534744,1,0.678018943,0.2742061644,4.257078071,0.7932862772
I_100,C_24,B_0016,0.5325817693,14.73873503,66.76488066,0.5608522794,0.9352459917,0.7736021938,0.3372507331,4.59463165,0.5182012374
I_120,C_21,B_0708,0.6141792883,27.75847912,60.61802809,0.354371725,0.9361725944,0.6524244942,0.1748485307,3.902774638,0.824471971
I_096,C_08,B_0901,0.7743336669,22.25316448,82.83430524,0.2245184158,0.3900664819,0.7639018491,0.1715128567,4.766941003,0.6025632082
I_093,C_25,B_1980,0.6941016516,26.37935147,82.50483516,0.2530222293,0.5935384333,0.8579158092,0.1753241783,4.302664003,0.8880008139
I_071,C_20,B_1573,0.611594259,21.41149412,71.01797169,0.4065776071,0.6151151611,0.8991950711,0.3323005143,3.77997534,0.7856166178
I_102,C_01,B_0904,0.9252405409,35.10470525,89.21384741,0.05753592093,0.6909574148,0.7778661273,0.4050639871,4.68665079,0.7032373071
I_025,C_15,B_0466,0.8510789758,40,76.2194897,0.1741104908,0.9421973789,1,0.2012099723,4.224099901,0.7687703293
I_062,C_05,B_1978,0.6879966666,29.53638989,78.48320333,0.2134222902,0.7772566495,1,0.2178343447,4.629520395,0.8971713543
I_036,C_07,B_0200,0.5355921591,19.65846631,78.11795724,0.4029896097,0.5391155653,0.8038895638,0.2291645239,4.172835421,0.536503967
I_111,C_15,B_1207,0.6486868415,22.63126156,80.90577884,0.3490771372,0.929371043,0.6155227325,0.4145078139,4.584337212,0.8380366059
I_088,C_03,B_1056,0.5495875317,21.02166491,66.33613925,0.5016197869,0.5301694493,0.565817202,0.4932038718,4.412590382,0.4310237551
I_086,C_23,B_1132,0.4983265127,21.58575304,84.9035884,0.4242982393,0.7725755621,0.4992784617,0.1621306887,3.93978984,0.7876395616
I_097,C_04,B_1380,0.718358548,36.16146246,100,0.296785828,0.8860442886,1,0.1646301953,4.50163312,0.6720840151
I_001,C_08,B_0999,0.5308490119,26.17631452,79.88538187,0.4580350134,0.705165977,0.7272046136,0.1821050603,4.02816586,0.4133492637
I_023,C_13,B_0728,0.5615295943,31.72941486,80.9732512,0.4067991154,0.6336195632,0.6062270618,0.2186557691,4.76331661,0.8819946426
I_031,C_14,B_1772,0.5301136456,25.28503309,100,0.3797722366,0.6985005328,0.9967646588,0.3225787444,4.215622444,0.830205525
I_007,C_08,B_1910,0.7820734782,34.81631182,75.96883303,0.2587531714,0.7665368214,0.9546805556,0.3681708614,4.372142328,0.6044887613
I_020,C_03,B_1822,0.7104567807,34.0813387,87.10264057,0.2879099661,0.6421329931,1,0.1899623975,3.635576526,0.8619169041
I_120,C_18,B_0568,0.6885485534,25.52769723,80.71159502,0.3322466602,0.9307066247,0.7829993412,0.02406567137,4.330101875,0.7458961559
I_015,C_25,B_0044,0.7226996022,22.01838275,96.07115102,0.3006462696,0.8659682249,0.8434555276,0.3221821718,4.763348785,0.828766387
I_054,C_14,B_0275,0.856928434,32.48551998,78.45563156,0.1156535222,0.6582039586,0.734439679,0.1650604295,4.607907933,0.6419410373
I_025,C_20,B_1097,0.9599756991,37.5227419,91.62734148,0.02,0.9672399979,0.8325878353,0.3443200756,4.640177033,0.7281616683
I_095,C_06,B_0102,0.5197516226,26.42994673,61.28340626,0.3627671648,0.6646013582,0.4582110574,0.1782102408,4.271795901,0.5200987553
I_070,C_12,B_1232,0.3766183287,28.85736452,86.32006347,0.610088803,0.6271282135,0.7029928526,0.3837409841,3.860112211,0.4713315046
I_120,C_15,B_1722,0.5929612396,16.43064033,76.06177262,0.3867223799,0.7707284167,0.8678573244,0.1029866242,4.689557259,0.8213153152
I_026,C_09,B_1833,0.4778127285,23.02097275,74.18335315,0.6314661585,0.7436835767,0.5916177036,0.105890102,4.497880507,0.646596911
I_062,C_17,B_0108,0.6257403262,21.60060212,88.12244135,0.358342971,0.7885886135,0.7928043994,0.04121834669,4.163256769,1
I_038,C_21,B_1618,0.4880912892,26.88901747,83.61123038,0.4975657727,0.8379627994,0.3817367044,0.05268536457,3.405054823,0.614207057
I_050,C_12,B_0498,0.4101109126,25.3622546,65.55972153,0.5433923797,0.7163685688,0.2978253367,0.1517690715,4.202324503,0.62747783
I_062,C_14,B_1981,0.4580889327,27.04793171,89.02542971,0.549871993,0.7622193743,0.7751368103,0.2535153511,4.288709069,0.6241189733
I_057,C_10,B_0882,0.7410460657,25.95316009,55.88320065,0.3167717601,0.2874399043,0.8057117679,0.3346739066,4.417186676,0.5776292629
I_076,C_22,B_0757,0.4040809456,25.71115712,81.0414028,0.6056674487,0.7499047767,0.8035782434,0.3831168083,4.81407421,0.5409972034
I_110,C_13,B_0620,0.61837817,31.29295197,78.59286175,0.360382148,1,0.6242976924,0.3058733986,4.480644664,0.7718165013
I_019,C_10,B_1107,0.6597234823,26.88133378,80.8496762,0.2462786441,0.7697956432,0.3715353394,0.2102331949,4.505707826,0.7915961117
I_045,C_21,B_1936,0.5412560947,16.59381818,71.50030557,0.3552154797,0.7892821485,1,0.2321376214,3.725073958,0.5834568898
I_066,C_25,B_0810,0.6026710102,22.92852194,79.14859997,0.4424577412,0.8620274271,0.864249686,0.1939007013,4.209963704,0.797746665
I_051,C_16,B_1038,0.7687393463,21.00724837,85.76570324,0.1552657235,0.7181506474,1,0.2801212315,3.839978063,0.9206147377
I_111,C_09,B_0073,0.660617491,31.30911596,82.42412196,0.3347861746,0.8959562501,0.7484158453,0.3412940546,4.125821418,0.8060852519
I_084,C_01,B_1284,0.7291631396,28.70967115,72.31514876,0.2225451066,0.9366970125,0.7680723039,0.3214749556,3.571757972,0.8574499113
I_075,C_19,B_1272,0.3,27.17296669,53.17482701,0.7,0.7503744735,0.5682781021,0.1125655052,3.784135706,0.4499555796
I_078,C_05,B_1335,0.4246941558,25.06125959,73.31389291,0.5716143066,1,0.4868616608,0.3439179903,4.491789541,0.8415903443
I_027,C_12,B_1459,0.5321326726,29.71582361,83.35510538,0.4577432704,0.9576857414,0.8235910693,0.3693642552,3.420462298,0.6763699258
I_106,C_01,B_0482,0.6740766309,24.12131462,82.63634604,0.3448821322,0.7097008701,0.8169065184,0.3666404039,5,0.9500224346
I_074,C_15,B_1069,0.3,21.70221209,66.19590475,0.6490998321,0.6601204997,0.8418862363,0.177317268,3.690771397,0.6901680008
I_020,C_25,B_0507,0.6823252466,29.84624132,74.44499817,0.3452644011,0.541353957,0.5984514075,0.2929015542,3.814406372,0.7546940754
I_062,C_21,B_1238,0.7754819255,20.86325061,98.65526015,0.2832358752,0.8718302053,0.7678875425,0.3383197725,3.90941306,0.7904794236
I_059,C_08,B_1862,0.4809640381,29.53148752,81.44628566,0.4466505295,0.7104773364,0.3942422708,0.2384987418,4.529657404,0.9420714459
I_030,C_18,B_1990,0.7083171402,24.46801022,82.22196007,0.3278756205,0.7645821335,0.7439597178,0.3368453941,4.825451594,0.6617748428
I_062,C_13,B_1477,0.6937722822,11.6343084,82.20898332,0.3490574571,1,0.6178375065,0.3926378959,4.46466243,0.816004002
I_057,C_12,B_1867,0.5973329032,29.84463641,71.49614137,0.4042905964,0.6024919582,0.970615261,0.2383648355,3.832543371,0.8955495613
I_036,C_04,B_1456,0.3,21.36348624,75.5086877,0.7,0.5168208894,0.6048647445,0.3793543334,4.156494062,0.5415231509
I_020,C_24,B_0312,0.5365306943,14.72294811,73.81332272,0.4706727348,0.6806147567,0.7872194644,0.3336075414,4.242524525,0.7479626391
I_063,C_07,B_0963,0.6702084491,36.34490764,74.26625477,0.3437321487,0.9071000967,0.7531700322,0.3364206459,4.21342689,0.7751151592
I_076,C_10,B_0406,0.3746482191,26.13251966,66.99716089,0.6707441685,0.9228844595,0.6698665462,0.1674771529,3.632703753,0.6151194644
I_062,C_10,B_1331,0.535082402,33.52575553,79.34863224,0.4939022712,0.8679544993,0.6466378558,0.2127872621,3.60839462,0.4964649465
I_072,C_04,B_1650,0.6409270513,34.62300053,86.43331124,0.371034557,0.7450124479,0.681535253,0.4492529605,3.926420013,0.6650764671
I_093,C_22,B_0310,0.7696945733,35.65263961,89.2378548,0.187143675,0.7807382787,0.766355626,0.3989943681,4.455112563,0.5672939904
I_062,C_11,B_0227,0.6428248847,25.73351765,86.30444295,0.3483670873,0.6220926088,0.9653822822,0.2970940513,4.011069348,0.583526689
I_012,C_17,B_1858,0.5742328044,36.33654362,70.86052996,0.4717754986,0.5203452409,0.5373509239,0.3681039805,4.586577456,0.6412969941
I_021,C_19,B_0711,0.5432460723,25.39479674,96.63935626,0.4217882816,0.7205802858,1,0.3916137086,4.874980502,0.6299209243
I_087,C_24,B_1944,0.98,26.82476146,83.89735634,0.08770045689,0.9992614039,0.801983324,0.3298061778,4.100089695,0.9147134586
I_097,C_01,B_1384,0.6673087912,22.97123707,84.40757432,0.2932951799,0.7918216068,0.7491933684,0.2029490023,4.067868185,0.9877946931
I_092,C_23,B_1786,0.5628355103,33.79864664,82.38582007,0.4442476409,0.8322356228,0.8040856401,0.2752329978,3.807341922,0.8538388182
I_072,C_18,B_0149,0.6222098671,29.12587758,78.26776699,0.3230281815,1,0.5721618752,0.2994882064,4.751283849,0.4652467259
I_024,C_10,B_1555,0.519769303,33.81542767,74.21850394,0.5844798517,0.6578962262,0.8208337755,0.1684214313,4.516495182,0.7848681225
I_016,C_11,B_1957,0.7402455748,24.00909196,76.60463751,0.2988083978,0.9492459253,0.9781792359,0.2978625579,4.555278985,0.586726034
I_017,C_02,B_0926,0.6193313905,33.17972361,83.15657069,0.3560879093,0.6721653946,0.4889625081,0.2709376047,4.534287527,0.8669820829
I_025,C_11,B_0943,0.98,25.94057696,92.91530074,0.02,0.7124242632,0.9169700375,0.3006065886,4.262791457,0.7070008701
I_090,C_04,B_0837,0.6423871938,27.26932661,82.91014846,0.3724900215,0.7885494927,0.7238725014,0.3197626638,3.959139772,0.7941509707
I_090,C_08,B_0576,0.4996754936,28.30399775,87.16568186,0.5726422616,0.9284719462,0.5979093693,0.250745627,5,0.8045590533
I_055,C_11,B_0558,0.7193858857,25.59413745,72.06621604,0.1891759731,1,0.5776674184,0.1732584237,4.009631613,0.6845705454
I_094,C_21,B_1236,0.4202266548,30.5051372,81.98009699,0.5922075752,0.5258463383,1,0.02616766131,3.428809755,0.4961478186
I_005,C_24,B_1361,0.9594531658,26.73330526,82.46514972,0.09292287493,0.8987898899,0.8639397122,0.2285952758,4.446665627,0.7722044344
I_060,C_20,B_1348,0.754278842,31.47807066,63.149974,0.2799659735,0.7180986213,0.5311104792,0.2971264912,4.323415963,0.6947251593
I_059,C_15,B_1162,0.5459724157,24.32967223,74.56903886,0.4988084381,0.9110290525,0.6068067626,0.2272513968,4.243582094,0.7904488779
I_008,C_01,B_1443,0.7726889312,28.30384089,66.99911703,0.1756264661,0.6311201049,0.9685708984,0.1400246627,4.005756792,0.8054328415
I_070,C_21,B_0287,0.5915551865,24.75116111,84.72530839,0.4356885665,0.7885583152,0.7537358899,0.1178852737,4.102379325,0.7736656976
I_019,C_11,B_1605,0.3715379479,29.46645737,80.70949754,0.5722950814,0.7161821231,0.7159155395,0.3079728113,3.701281748,0.793588561
I_030,C_22,B_1058,0.6827415718,31.7220598,81.83005804,0.3158163817,0.7171582502,0.8251098784,0.2964933268,3.801062589,0.6432056539
I_064,C_04,B_0599,0.5006743349,24.47968678,95.23383146,0.4440266828,0.6885014595,0.6632886241,0.315779984,3.910664487,0.5097677913
I_112,C_11,B_0933,0.3045064237,18.07639585,87.74777329,0.6592143614,0.6824676235,1,0.2437160986,4.458679671,0.6996751781
I_011,C_07,B_1462,0.5279114371,20.63672082,91.60551511,0.5095888476,0.6302109351,0.7718093161,0.4794681113,4.21060387,0.6201490598
I_032,C_18,B_1638,0.587434016,14.71620278,69.22603922,0.4176459847,0.6927750189,0.6892822344,0.1699651526,4.008301129,0.6232513524
I_096,C_17,B_1588,0.6569284609,31.40105647,91.39235403,0.3403476232,0.8815919431,0.9660216582,0.2362519061,4.087651163,0.6390406067
I_064,C_04,B_1041,0.6752734423,37.39285647,78.24287596,0.259081896,0.7801855844,0.9745811836,0.2749785659,4.669150088,0.7960705047
I_070,C_17,B_1231,0.4177024222,23.4902763,69.64102558,0.5883677333,0.6576329125,1,0.1723935418,4.697216436,0.4857142926
I_009,C_14,B_0807,0.6290009778,28.26495248,79.1004606,0.408214213,0.6379482876,0.5658039671,0.06419664515,4.37525192,0.8094247162
I_076,C_25,B_0905,0.4021694528,29.4261578,63.64375873,0.6362913818,0.6071134512,0.8292919665,0.1586530557,4.341027244,0.6721771826
I_007,C_03,B_1680,0.80965244,40,63.758774,0.1265641159,1,0.6452505382,0.1311358625,4.560078851,0.764369709
I_086,C_11,B_1205,0.4594837182,24.63862369,69.69179599,0.5454572428,0.692118245,0.6723846667,0.2395023919,4.635706035,0.7629520944
I_069,C_08,B_0768,0.6138044922,27.27953947,81.55524412,0.4980936587,0.8651219713,0.7774383478,0.1230646897,4.571049983,0.7836970579
I_101,C_18,B_0610,0.4601916014,18.99621402,66.59295486,0.4882048587,0.6177004526,0.6609461646,0.2154178109,4.281834412,0.521182084
I_084,C_01,B_1993,0.6340293453,33.65666053,82.03188986,0.3774158935,0.7744988119,0.8561978189,0.259315411,4.790508723,0.6952248754
I_063,C_08,B_1565,0.4583047477,23.92142544,82.77640255,0.5116530889,0.6026298424,0.5780255967,0.3188913493,4.293096989,0.9757457328
I_033,C_21,B_1423,0.8382311594,31.55170047,82.51979962,0.2011420802,0.7586865946,0.844908191,0.1506444686,4.130305657,0.8168096379
I_095,C_18,B_1011,0.4081035926,22.60713165,70.45570296,0.5406853309,0.7079027248,0.6770088326,0.103004801,3.839964554,0.7800824994
I_042,C_14,B_0494,0.4010190848,22.68144693,83.29468818,0.5932307566,0.5986665325,0.6728357306,0.2227578589,4.611580499,0.6115467821
I_075,C_19,B_1321,0.3,24.33587138,49.55179146,0.669560171,0.9272352979,0.6112521045,0.1802111835,4.400601007,0.7716179887
I_096,C_12,B_0278,0.5577120197,30.11981779,62.81565549,0.4317608734,0.8132204929,0.6698151875,0.2198408974,4.562104456,0.9276548447
I_039,C_16,B_1847,0.502946455,31.6524552,76.11752865,0.5199912245,0.5812004682,0.5969213802,0.2097612369,4.300657832,0.891477077
I_048,C_12,B_0359,0.6145509993,28.04081184,83.94356064,0.4241230424,0.7466312789,0.7589905052,0.1830412253,4.397774546,0.8063142811
I_092,C_17,B_1111,0.7022080026,22.32304904,92.91322773,0.3077280142,0.914138749,0.6566213804,0.3375531376,4.344497876,0.7633889339
I_070,C_06,B_0237,0.4242180437,20.67296807,74.77751581,0.5481238232,0.7103761067,0.6570584134,0.06401421502,4.403825066,0.7773692986
I_109,C_25,B_0552,0.8018165209,22.37846471,89.20289205,0.2037540939,0.7646116752,0.8495843283,0.4092554911,4.548292821,0.7109525337
I_055,C_22,B_1868,0.4645030003,40,53.42918372,0.4808409122,0.6793610117,0.5638976056,0.3206649327,4.204377866,0.6846584607
I_111,C_17,B_1813,0.6294601879,21.10294472,87.54754022,0.310027956,0.8867542372,0.7987691778,0.3295561882,4.332734234,0.5027436369
I_042,C_02,B_0209,0.6791082769,33.16838691,79.57326362,0.3905928529,0.6790182371,0.5788670835,0.2293798702,4.172939908,0.6604704269
I_097,C_17,B_1387,0.7304727244,28.60385749,90.74871561,0.3569441198,0.9221195086,0.6601936058,0.2530510747,4.065646119,0.9014116258
I_088,C_22,B_1561,0.6218553777,24.53877892,62.4595216,0.37470156,0.5086459012,1,0.2760165464,3.658215142,0.7065974442
I_073,C_17,B_0059,0.3615256558,26.13978834,81.13382778,0.5870904855,0.8641919859,0.8314538424,0.2736601918,3.676863997,0.9328460506
I_033,C_18,B_0632,0.4584796555,22.59165393,76.71650992,0.6214351469,0.8510218672,1,0.4104804118,3.618359001,0.5172562923
I_055,C_14,B_1962,0.7399103174,31.7509923,94.54962439,0.2799033543,0.835944554,0.7806724569,0.2409192181,4.054951769,0.744485481
I_101,C_24,B_1860,0.5930010907,27.26626305,76.62485735,0.40483493,0.7644988331,0.7929762203,0.2204023658,3.838961401,0.7553569691
I_069,C_20,B_1817,0.5145205586,22.20368027,71.98740649,0.4673000476,0.6482879525,0.912493335,0.3281237952,4.0041668,0.769940607
I_054,C_15,B_0364,0.7254771095,29.56262493,87.33587718,0.2693775573,0.9062537024,0.9066657086,0.2990748526,3.245704102,0.9074101014
I_045,C_01,B_0506,0.3,21.50777625,64.62577013,0.6575651851,0.6103827745,0.8698056136,0.124340189,3.943757823,0.7038701382
I_003,C_19,B_1166,0.6749162657,35.14598428,94.73819122,0.2476225589,0.8648623977,0.6950385327,0.4405485718,4.933424887,0.6833655359
I_046,C_21,B_1122,0.7415515427,27.86829579,70.76858624,0.1889510108,0.7852062581,0.497543341,0.2009254816,4.195349041,0.7069570168
I_074,C_06,B_1630,0.4311455219,22.06727199,71.13246257,0.5083154894,0.6719973744,0.7144774262,0.1706438196,4.515802885,0.5286413788
I_052,C_18,B_1217,0.4629133835,27.14455544,74.58588401,0.6562390909,0.7376240939,0.7788979526,0.2614273054,3.777911856,0.8019262402
I_014,C_24,B_1152,0.6518069024,25.42767731,83.9014443,0.2654642275,0.8274756511,0.9790572446,0.3615175465,3.522756397,0.9436600876
I_078,C_02,B_1125,0.6488540014,30.9918339,100,0.2726689613,0.8049251971,0.54473094,0.1678638425,4.586662667,0.5222866046
I_062,C_01,B_1595,0.6896960354,28.44253561,81.89973161,0.3028185403,0.8933078233,0.9403604027,0.02497802353,4.895624436,0.6325183298
I_060,C_13,B_0119,0.602745446,19.31998578,71.82968099,0.3855778268,0.8543587819,0.7508189186,0.3123732531,4.486964229,0.6993365348
I_101,C_25,B_1250,0.7076153244,16.8944988,77.49615366,0.2268795625,0.9753180455,0.846428281,0.3176716428,4.112137663,0.7840709332
I_005,C_04,B_1994,0.6838726171,33.78580905,92.72548812,0.2787267487,0.6980594117,0.784325393,0.4079786318,4.190701401,0.5918305189
I_086,C_15,B_0523,0.676287621,29.93560853,78.67312226,0.3288644097,0.6013640068,0.9204991006,0.1244827387,3.466864336,0.6071314132
I_115,C_05,B_0514,0.6544448028,25.30590551,82.1918813,0.3243377651,0.8562457604,0.5385517389,0.07741101031,4.63649646,0.5583426851
I_036,C_09,B_0082,0.4174817993,20.35736501,72.34946937,0.5284267974,0.5828244516,0.6130911357,0.2394973824,3.842385489,0.6767537676
I_050,C_12,B_0916,0.4191268769,20.5102007,62.60659705,0.5777159061,0.5444877069,0.8011725921,0.1560797307,3.36730963,0.4815012566
I_050,C_19,B_1019,0.3,20.36305527,69.70563903,0.6922671231,0.6478185134,0.8205907197,0.2588472537,3.903140594,0.6221318938
I_093,C_12,B_0381,0.8027755152,26.24645429,74.28120218,0.1668729556,0.9624299655,0.7676787642,0.3561474356,4.42481242,0.8806446359
I_047,C_19,B_1030,0.5087105035,28.35574484,81.42621137,0.4815797092,0.7539814144,0.9034380831,0.3924373923,3.594100625,0.7095529001
I_036,C_11,B_1689,0.3,24.90036019,98.06839942,0.7,0.8691757225,0.8283556317,0.3236859365,3.955341278,0.5825100663
I_004,C_02,B_0085,0.3658331941,18.3835963,88.93103394,0.66137112,0.8440612454,0.7120787374,0.09669699961,3.88002321,0.5841793945
I_048,C_02,B_1678,0.7076764964,24.5487873,61.79101211,0.3110463132,0.823728658,0.4598669755,0.3097709187,4.499469979,0.8251790819
I_011,C_01,B_0330,0.6885948168,30.77460658,70.38598989,0.2801126566,0.7533320342,0.8495075056,0.4709595166,3.43342318,0.8246375871
I_061,C_16,B_0007,0.42442773,23.2657899,62.635486,0.4962834021,0.8279001924,0.402526651,0.2609783494,4.595249749,0.7556129939
I_089,C_22,B_0746,0.464199398,26.23624438,72.92276367,0.5761754827,0.8363051066,0.6564480281,0.2569903144,4.378686969,0.7642364141
I_054,C_02,B_1554,0.5762400194,27.24249787,82.68926808,0.4698972616,1,0.958541439,0.2288058581,4.167504782,0.9356217074
I_060,C_16,B_0915,0.6642416523,27.3184504,61.75483335,0.432307558,0.8490192801,0.9827408852,0.3645261688,3.865216325,0.6306413443
I_118,C_12,B_0874,0.7734729325,37.80910612,94.64330322,0.2897627846,0.6257351777,0.5950664992,0.2817077339,3.904684148,0.9971144219
I_046,C_16,B_0452,0.5975214846,28.98681409,72.90714152,0.3606407519,0.8148341742,0.6187779137,0.2492602466,4.274194246,0.4773942442
I_048,C_10,B_0491,0.6781254572,30.52675756,77.35449652,0.4143691121,0.8219655389,0.8335488071,0.2350371643,3.501896124,1
I_111,C_20,B_1481,0.6818064206,22.76096854,71.26955595,0.3559072365,0.8439863814,0.8622017165,0.1556647324,4.213166407,0.5235151313
I_032,C_21,B_0288,0.4265392623,19.7312247,83.13312122,0.6806032439,0.5585743131,1,0.1484677993,3.943553273,0.9598137182
I_109,C_12,B_0949,0.6587000067,28.58247441,70.37951019,0.2747294278,0.6986365353,0.607282708,0.1314827366,4.066820046,0.5819065746
I_056,C_17,B_1986,0.8182468098,40,68.58866311,0.1503832489,0.8027177484,0.864480503,0.08749765182,4.013054226,0.9644666153
I_042,C_19,B_1369,0.4131272701,34.67393285,67.01156498,0.6093294761,0.9338794261,0.6026923109,0.2999894434,4.004353085,1
I_052,C_01,B_1147,0.4418798174,23.86700573,78.92157815,0.5572766639,0.6704487458,0.5070697275,0.3214024105,4.440201359,0.8532014985
I_075,C_15,B_0706,0.3,19.17964265,71.33143745,0.7,0.4204173427,0.8861259885,0.1306612297,3.571731976,0.3435217371
I_081,C_02,B_1727,0.6161391131,25.58791287,78.47915087,0.3853371992,0.7924913461,0.6233949911,0.2190039863,3.683525883,0.681090139
I_087,C_21,B_1702,0.7112394025,20.26648348,75.35868606,0.2921202803,0.4372870711,0.8651658022,0.1739039436,4.965758228,0.81408931
I_010,C_20,B_1629,0.98,40,88.83940977,0.02,0.9957066794,1,0.3271391706,4.517895602,0.7256420967
I_045,C_07,B_1600,0.3120849082,17.72548726,60.20983872,0.7,0.8063291805,0.7762020259,0.2805652078,3.406592703,0.6506139646
I_025,C_17,B_1539,0.8680356439,31.69428119,98.77339348,0.1348893273,0.9391277363,0.8317164271,0.2921434703,4.64491883,0.9446451673
I_116,C_09,B_1406,0.5568543875,22.56389892,100,0.4623038136,0.8868423155,0.4878145179,0.254725986,4.477869767,0.7789163147
I_054,C_06,B_1651,0.7701695992,29.67246282,84.0083147,0.1688393135,0.8736757861,0.6925348992,0.1382613642,3.969166981,0.8499464714
I_104,C_02,B_0328,0.4082727926,29.76713948,74.62306516,0.5991171597,0.6885767848,0.8588948487,0,4.239007228,0.7222076365
I_046,C_13,B_0443,0.6867553099,30.00014309,92.98056438,0.3208376199,0.8639118745,0.8143466093,0.2405797318,3.962999552,0.8429876472
I_053,C_24,B_0775,0.5842585718,19.78609836,78.80628276,0.4408584289,0.8182199634,0.5986645212,0.2839943117,3.90330888,0.7706235748
I_095,C_03,B_1088,0.4687275089,21.56334316,65.54995077,0.4974829917,0.6345558121,0.7701665577,0.2443336684,4.423432507,0.4019250583
I_059,C_21,B_1221,0.5455167346,14.44927275,72.46256336,0.5229198391,0.5163688724,1,0.1440795127,4.600129407,0.7037883386
I_055,C_13,B_1636,0.5844957965,32.27308833,86.32069043,0.3690497294,0.5194009934,0.8187966998,0.4532360314,3.556669404,0.9132894612
I_009,C_20,B_0178,0.8002364233,16.38877198,87.20981662,0.2591255779,0.5842826711,0.5802298461,0.236395126,4.080661322,0.8635555203
I_024,C_06,B_1323,0.7511681764,31.88129679,64.79053305,0.2893341795,0.7194489623,0.7236658747,0.181250773,4.468450481,0.9536703004
I_109,C_19,B_0705,0.8973697085,29.33082941,100,0.1268330791,0.9136939751,0.8232384615,0.1551927487,4.728329185,0.8384256004
I_006,C_10,B_0087,0.3437928334,22.89113575,67.96380823,0.6584776229,0.6354809299,0.3647657596,0.2705131598,3.610115244,0.7357527906
I_070,C_04,B_1884,0.3,25.52180032,78.42114897,0.7,0.8575617822,0.7768771589,0.2666941223,3.826413547,0.7228538395
I_120,C_17,B_1948,0.6064863724,24.17624083,78.51347077,0.3997815803,0.5973086496,0.7524581295,0.1404221336,3.496467587,0.6016103454
I_116,C_02,B_0458,0.8063009069,16.75383322,72.78792158,0.2788233291,0.564169541,0.6367445253,0.2310420901,3.848650738,0.753985259
I_109,C_02,B_1829,0.5851492613,32.85007449,87.54951809,0.479915898,1,0.5785253087,0,3.884731568,0.855911904
I_101,C_17,B_0055,0.5094269948,17.08344349,75.83236919,0.4470223721,0.5127744243,0.7805060268,0.1896414985,3.950716241,0.8054948351
I_078,C_12,B_1502,0.5669887093,37.5471946,83.7759737,0.4264284819,0.7001773961,0.6093022636,0.2201238111,3.768339669,0.4713498119
I_019,C_21,B_0644,0.3997285292,25.19360481,81.13718077,0.660487784,0.7552827257,0.7102945875,0.1409372195,4.077221837,0.651616417
I_043,C_02,B_0678,0.8172741441,28.61762647,89.24485503,0.1683037473,0.7420689988,0.624240414,0.05338549292,5,0.7194056615
I_075,C_02,B_0222,0.3,19.57791611,60.82235753,0.6914471246,0.5573429818,0.6591076083,0.06160290701,4.047439808,0.7250487467
I_111,C_24,B_0114,0.6586431185,20.45087617,84.76852322,0.3280467114,0.9863598617,0.7332498208,0.2444351541,3.956053916,0.7811270568
I_005,C_04,B_0983,0.8175849863,32.76817593,78.2717281,0.2527730257,0.8710031143,0.7466196396,0.3105516011,4.444088449,0.8209639666
I_022,C_23,B_1229,0.4870923064,29.641313,82.88122433,0.493652909,0.7263432714,0.765457613,0.3314720323,4.150454249,0.4857676452
I_051,C_21,B_1000,0.8864474314,35.82745368,95.24427338,0.14295653,0.7603105339,0.907320786,0.1419164275,4.145203895,0.5812191365
I_014,C_05,B_0175,0.6296093958,28.75203292,67.30193195,0.3699904026,0.8096393638,0.7935904141,0.3718601864,3.794955571,0.7798900742
I_042,C_19,B_0782,0.6946377563,26.13377249,76.35892005,0.2810871515,0.8593599399,0.7947051848,0.4002796368,4.044573612,0.7532648486
I_048,C_17,B_0590,0.4968349071,26.72234307,75.14511388,0.3784646108,0.5099937815,0.442797927,0.3317887263,4.671301932,0.9485625693
I_117,C_07,B_1560,0.5486984174,30.4256674,71.77403733,0.4934142574,0.8852850408,0.8602408028,0.1781835838,4.703519208,0.551244029
I_003,C_05,B_0019,0.9219240889,32.47921148,59.14241177,0.1251209611,0.9649507058,0.5702249365,0.2542067196,4.615152043,0.5787179203
I_030,C_17,B_0424,0.7965468487,32.04526704,80.20105063,0.1680594926,0.7613937889,0.6701039834,0.5126077502,4.685453747,0.7293460268
I_001,C_14,B_1344,0.6037793955,25.95915955,67.01995661,0.4713571394,0.7679232503,0.6083134158,0.1974426281,3.947521936,0.4494604793
I_032,C_22,B_0286,0.5500935051,27.63532185,68.39489286,0.4315339914,1,0.735169119,0.3369450965,3.985877106,0.5129947048
I_104,C_20,B_1584,0.5616242418,24.25398475,70.14134092,0.4070234129,0.7737629489,0.69880874,0.3046265509,3.931947819,0.8035562817
I_097,C_02,B_0429,0.6891514057,30.5972289,68.66245933,0.3072557824,0.9442243167,1,0.1660683951,4.182153419,0.6263947649
I_101,C_03,B_1510,0.5568574086,26.40876574,75.79015983,0.3815940271,0.8121484392,0.7014285408,0.2779004804,4.300414909,0.7415611554
I_017,C_11,B_1319,0.676340152,15.92226414,93.42535738,0.3265044029,0.6975176598,0.6742097536,0.1418918629,3.942415674,0.7207455143
I_043,C_08,B_0670,0.4655905646,32.12281027,75.5936266,0.6076857184,0.7697570367,0.6915545952,0.2168106176,4.987310533,1
I_076,C_20,B_0032,0.4658935508,18.5758137,66.80134785,0.5573327453,0.6693954772,0.4043074079,0.2153869957,4.321342746,0.605638941
I_069,C_03,B_0941,0.6820213834,14.79994762,70.77499671,0.3720879152,0.9233610363,0.6485719231,0.1987971596,4.224663241,0.9066523418
I_082,C_10,B_0723,0.7531258968,25.43444729,68.94247618,0.2768011912,0.8323652492,0.9765971396,0.2442383031,4.45584236,0.5977112964
I_085,C_25,B_0995,0.8091572,29.81760217,78.53106211,0.212226286,0.718016804,0.8059227876,0.2118218568,4.389788636,0.597304192
I_028,C_13,B_0215,0.4323042313,20.21054749,72.48437939,0.488929679,0.705381263,0.7923323102,0.3232530722,4.208991379,0.4375686232
I_038,C_21,B_0814,0.3428770416,26.21615546,61.48269598,0.6594416892,0.6664555686,0.6196903352,0.4123554365,4.135202569,0.6402829349
I_082,C_01,B_0327,0.6002071592,23.22895576,76.96670791,0.4164603559,0.8745791315,0.8677616894,0.2515300484,4.54133383,0.6988118841
I_016,C_12,B_0561,0.5851068063,25.67984624,87.46985402,0.454443635,0.8868569942,0.8494678385,0.307196481,3.968107462,0.9940900914
I_061,C_09,B_1113,0.4277595465,18.14728662,82.65289646,0.6121264433,0.6863152177,0.716333977,0.2008058888,4.364086957,0.4186608693
I_068,C_15,B_0701,0.5216005285,22.05576601,80.49598411,0.4946862571,0.7651309747,0.7538313156,0.3589643619,4.463297006,0.7763125711
I_118,C_24,B_1579,0.7345423112,27.53813865,78.53854843,0.1957646155,0.817678307,0.769389495,0.2993552387,4.031418644,1
I_044,C_09,B_1190,0.3,18.36441265,50.38481548,0.5942089714,0.7272010308,0.5524247515,0.1273729282,3.859205547,0.5982800377
I_090,C_18,B_0342,0.8404196264,26.81995256,83.07773383,0.1515882775,0.7559745075,0.7682635442,0.3899109883,4.16853015,0.7642914996
I_039,C_06,B_0630,0.5186567396,24.89560721,75.5540041,0.4657983763,0.8336283191,0.7262946714,0.16347303,3.775243823,0.7399028937
I_073,C_07,B_0148,0.5374251132,29.43068279,69.41892778,0.4178319493,0.5827323798,0.3965530891,0.221774572,4.345052997,0.6482340359
I_002,C_12,B_1310,0.7215732034,31.28846698,83.55914458,0.2860597157,0.8974011369,0.7217061923,0.2694531148,4.651857122,0.6747412073
I_003,C_08,B_0361,0.734691343,26.37944782,66.96613214,0.2809396723,0.6905891186,0.6739277965,0.3205318755,4.592722102,0.6257277277
I_104,C_25,B_0084,0.5475941266,20.79246514,80.27849513,0.4743193057,0.6839669733,0.9862143679,0.2140916521,4.790616007,0.6365683108
I_051,C_06,B_0049,0.963557783,34.40988847,75.18281347,0.03968785631,0.9340006614,1,0.2553776519,5,0.7383998922
I_054,C_07,B_0469,0.5809111891,31.77113559,88.72520765,0.4289021095,0.9217897962,0.7710543381,0.3078897271,4.181031948,0.7877498478
I_062,C_02,B_0156,0.7341849901,27.12957598,78.80068513,0.3023404241,1,0.6317696852,0.2642464444,3.685150373,0.672217944
I_085,C_04,B_0773,0.4467578676,26.01500682,89.13172055,0.6310041894,0.8599506665,0.7138208543,0.2124468799,3.727915064,0.810525686
I_094,C_14,B_1240,0.673470071,20.93011043,64.15542537,0.245930329,0.7475488025,0.8069874572,0.08313223973,4.832166714,1
I_018,C_13,B_1201,0.98,26.96335228,89.60720815,0.108950561,0.5658888811,0.6851110775,0.3379735046,4.207541717,0.792944274
I_072,C_14,B_1403,0.7505420186,28.4426668,86.71193853,0.239704899,0.6965992018,0.8550092086,0.2976442662,4.687531161,0.7404539438
I_100,C_16,B_1203,0.3561272306,29.33018583,80.18130213,0.6255398808,0.9158072257,0.6179860662,0.2249098303,3.983740796,0.6866182679
I_083,C_12,B_1631,0.5162429429,20.29824046,48.34731744,0.4609116211,0.7251818214,0.6025362829,0.1643835356,3.381235741,0.8091890305
I_013,C_05,B_0501,0.7863171628,30.82923186,84.11670454,0.242287091,0.9572540523,0.8077648424,0.245914598,4.473416777,0.8711220256
I_087,C_01,B_1765,0.6557729148,29.83263644,81.05596075,0.2038147239,0.8141392423,0.567762567,0.2137239056,4.154073614,0.8776627035
I_015,C_18,B_0180,0.8709461091,39.5057941,67.8989586,0.1376706912,0.9148042661,0.8187503457,0.3552674129,4.082871826,0.9423830167
I_079,C_20,B_1048,0.6681196535,29.88689267,75.1347078,0.3481529827,0.8139936358,0.8362605127,0.2531467004,4.753814184,0.645968188
I_100,C_12,B_1756,0.4073627327,28.20618763,87.52075297,0.5255398271,0.7172627784,0.593369091,0.2206976395,3.915693782,0.5547723842
I_119,C_17,B_0951,0.7363942598,21.50313942,75.43213556,0.3186741498,0.9377978952,0.6401961643,0.2594041271,4.365721233,0.5864409666
I_101,C_25,B_1317,0.3,24.35994807,60.51414683,0.7,0.5793014268,0.744810221,0.006434421682,3.849636676,0.5228985818
I_063,C_23,B_1620,0.5869936611,26.78358963,74.55739,0.3912889415,0.651665669,0.8809757064,0.3981883505,4.951064472,0.6911000315
I_022,C_02,B_0529,0.5233038699,28.85638412,72.50658027,0.4646696539,0.7801360409,0.6244343683,0.2727931867,4.806034278,0.6970315093
I_002,C_12,B_0347,0.5538443003,30.69258615,73.05770444,0.3891876517,0.6616738252,0.7059580214,0.4467529098,4.654819466,0.7762293534
I_111,C_15,B_1388,0.4280092851,25.02853104,93.8009657,0.473418257,1,0.7537973334,0.2507309253,4.419779777,0.8448861611
I_066,C_13,B_1961,0.8247393844,32.62865723,89.04403493,0.2447950507,0.6173838383,0.8337200724,0.1355510153,3.559243869,0.8818236187
I_063,C_06,B_1051,0.525402109,35.6648342,78.22045436,0.5248735648,0.5766697369,0.7088662832,0.1978362656,4.228646495,0.467739357
I_099,C_12,B_1973,0.7730071099,31.35598044,86.72060033,0.2455079218,0.6975527343,0.8426407928,0.3474618946,4.728350439,0.6892985767
I_029,C_03,B_1442,0.3937229426,23.73705328,95.47345138,0.6351491074,0.8151262998,0.926965768,0.3183947613,4.738891168,0.9017456068
I_022,C_19,B_0602,0.3747767228,17.35515712,66.31687946,0.5824446085,0.9627745057,0.7219982452,0.2437711883,3.594051278,0.5340813864
I_068,C_16,B_1282,0.5879157501,17.42255783,78.80440231,0.3965708153,0.750895312,0.4420020974,0.1781483643,4.303522382,0.6060008377
I_051,C_15,B_0244,0.7861495309,24.4987964,98.1280713,0.2246537708,0.6485421066,0.7138501488,0.168120682,3.818582751,0.5806943322
I_120,C_21,B_1337,0.6554915583,27.66208969,78.570175,0.368815926,0.6416615809,0.8381720864,0.08486109202,3.888055437,0.6548907356
I_017,C_06,B_1068,0.6236247545,18.85806018,82.72937232,0.452892336,0.9616877406,0.747882668,0.1212606377,4.11048195,0.8120201542
I_104,C_09,B_1476,0.5611945295,23.95596778,81.25622319,0.5220896659,0.882385112,0.5222586044,0.3246351553,4.37629796,0.7656678253
I_059,C_09,B_0313,0.3,24.16545216,61.50617282,0.6218529115,0.8937793219,0.9223696505,0.2526602743,4.223605424,0.5486762789
I_064,C_07,B_0436,0.4476534836,27.74796842,72.56275516,0.4936353275,0.7186944551,0.4165228443,0.2212217447,5,0.8883983661
I_016,C_01,B_1899,0.5637629492,24.10966241,71.30236166,0.5071502574,0.7270366353,0.911175494,0.1762877177,3.722543408,0.6615554153
I_049,C_04,B_1329,0.5905120455,36.70713168,87.64168617,0.2797565603,0.99196418,0.4749009181,0.2583415982,3.988639608,0.9659375738
I_080,C_11,B_0309,0.5732556822,22.42994561,94.08434936,0.3817913916,0.9182588302,0.8612200156,0.05123993495,4.108436857,0.6174041328
I_061,C_02,B_0431,0.4440974577,22.83380305,78.88301164,0.5838160095,0.8970394673,0.6020018593,0.1418413406,3.911473428,0.8446068979
I_084,C_08,B_0661,0.6001799693,27.94556757,81.22844833,0.396522309,0.9672026973,0.6023170262,0.2764405672,4.576962221,1
I_072,C_22,B_0371,0.5214342511,36.5583905,69.69751397,0.5337477431,0.5113191817,0.728004515,0.1770314785,4.388281123,0.7181058546
I_017,C_16,B_0567,0.5708396399,20.39930408,69.30708856,0.4063629093,0.9962997373,0.8829286531,0.3408526548,4.615852766,0.8641380599
I_081,C_25,B_0980,0.6202245521,23.89748714,62.83086443,0.4462230614,0.6747710816,0.6319218394,0.1198639111,4.312715043,0.8575895804
I_042,C_17,B_0182,0.6018735824,28.38734738,89.4909067,0.4146240304,0.7094275878,0.7480699037,0.2840118319,4.046541938,0.744574501
I_078,C_02,B_1363,0.7252637119,31.10860271,68.69601337,0.287707953,1,0.6643649907,0.3906003932,3.483933815,0.7264633838
I_116,C_11,B_0622,0.4985805042,25.16270968,87.92691606,0.5628047649,0.8065256912,0.4299549013,0.3317994241,2.976534221,0.6412603003
I_065,C_07,B_0819,0.6359375716,22.38830802,79.72271894,0.3217484605,0.6988908393,0.7120965269,0.2824356068,4.260346387,0.7276041595
I_013,C_18,B_1193,0.6555373785,27.3765368,88.2365915,0.3037359752,0.6991483716,0.4633414406,0.363521597,3.764703089,0.8389570202
I_033,C_06,B_0953,0.5559559216,28.39139654,72.53019848,0.4484792437,0.9821629799,0.7319333497,0.3731501401,4.654731469,0.8852946532
I_055,C_19,B_1422,0.5132803581,29.29988847,70.21561509,0.5020584116,0.8095509118,0.7805873371,0.3118113312,4.154630109,0.7906442575
I_089,C_11,B_1841,0.5611459974,15.86817688,83.80531851,0.3562076677,0.7228073772,0.6398614148,0.1506391651,4.132549414,0.8560759207
I_027,C_23,B_0923,0.7208641775,16.56624956,76.05337408,0.2898211372,0.9397727004,0.7662222519,0.2097562353,4.564713799,0.7838420572
I_034,C_07,B_1074,0.8275011853,31.31361345,100,0.1471851514,0.6350671116,0.817885196,0.2040239924,4.247843946,0.8853043535
I_069,C_18,B_0297,0.4520433722,24.00353474,82.19090611,0.4743295906,0.8166784637,0.8256803887,0.128458527,4.134559549,0.8406421513
I_027,C_15,B_0967,0.6424262435,24.56738113,62.6153891,0.2907432776,0.5090497828,0.9402047081,0.297780578,4.320892152,0.5167944461
I_087,C_06,B_0462,0.7762793326,23.43677276,100,0.2654809885,1,0.945753917,0.2386905303,4.461436092,0.5691886605
I_050,C_13,B_1303,0.4130208467,18.35870067,67.80077438,0.6040875587,0.6712552502,0.2937955433,0.3589667965,3.953143808,0.6461011711
I_015,C_08,B_1177,0.8746457834,39.30828677,65.63922279,0.1218975697,0.8043362173,1,0.4108233523,4.593026548,0.7374947175
I_089,C_22,B_0378,0.4489654116,28.98527759,79.3697234,0.5627149396,0.6285057123,0.7024452718,0.1883331478,3.919015399,0.8664590805
I_108,C_16,B_0799,0.7057193715,30.1451441,82.03804849,0.2842869031,0.6024391806,0.7311930438,0.2770814704,3.651747167,0.8963270071
I_032,C_20,B_1103,0.5258704351,20.54196552,79.51327531,0.4654185398,0.6910832999,0.7378162584,0.1540662809,4.113612631,0.7271460589
I_078,C_05,B_0106,0.6694701464,23.16154029,82.98723216,0.3091964932,0.4764009508,0.7411188258,0.2373166458,3.439164861,0.5941824974
I_071,C_16,B_0127,0.7339870744,27.17066325,66.07056034,0.2024237955,0.4428744422,0.5335198725,0.2833968881,3.724009947,1
I_094,C_05,B_1996,0.5738943439,24.05341507,45.15065089,0.4242036671,1,0.8357694519,0.256092884,5,0.7817069977
I_039,C_09,B_0839,0.4204704809,22.91309924,76.45734936,0.6169365481,0.4049537184,0.7681056807,0.2031887151,4.745457074,0.6269402651
I_105,C_07,B_0356,0.8890089919,40,87.33997589,0.1340619243,0.8631379769,0.7176142405,0.4322210552,4.568976526,0.6387287661
I_094,C_05,B_1617,0.5984626283,25.67999459,82.77750952,0.4373670311,0.6956798047,0.8550100458,0.09542345567,4.121286988,0.6856587248
I_095,C_04,B_0683,0.5606599068,22.90935336,84.64221256,0.4131409591,0.6381369822,0.6811154476,0.2370871369,4.409863542,0.5698200081
I_037,C_07,B_0813,0.98,31.71020392,83.9637188,0.04899177833,0.9827545586,0.7518559989,0.3479950443,4.5393451,0.8804591651
I_074,C_09,B_1681,0.3973274874,28.37391606,84.98262996,0.6178624033,0.9183489287,0.6483316318,0.1310869213,4.859186255,0.4090575713
I_045,C_14,B_0210,0.4160267128,26.46745103,66.03532177,0.565116757,0.6698034306,0.9427474098,0.04845435522,3.941668912,0.4954591236
I_072,C_24,B_1493,0.6123960792,31.10852247,87.53660841,0.3324481013,0.9240595324,1,0.1248796378,3.560461041,0.6929600667
I_033,C_25,B_0141,0.653184226,24.08112014,67.40819324,0.3132315654,0.7100132721,0.927231581,0.2398894681,4.282315812,0.6903729569
I_046,C_01,B_1975,0.4341884293,24.49009103,71.67790487,0.5486749158,0.9402535113,0.6270836197,0.2932678789,3.486764761,0.7049781003
I_034,C_07,B_1340,0.836308358,26.06058854,86.67526367,0.1941887757,0.6637991481,0.6811497589,0.145449959,5,0.5860471305
I_026,C_13,B_1798,0.5669312582,24.96275277,78.02098205,0.4361365989,0.5687524787,0.8590083374,0.429973743,4.183793336,0.8289206364
I_084,C_14,B_1575,0.7369202758,35.1158388,79.15099072,0.2775235822,0.7344104755,0.6931721995,0.2527834489,4.378636004,0.8365595409
I_028,C_15,B_1182,0.6328781154,26.21458544,82.08758278,0.4208301135,0.688864601,0.9428089646,0.2759835954,3.923799379,0.6066973398
I_104,C_17,B_1394,0.6388767912,14.42879147,73.27188669,0.3685415684,0.848407613,0.7773544068,0.1482591055,3.831287762,0.6453407363
I_022,C_24,B_1816,0.6125869015,26.59002969,79.0070233,0.426162143,0.6337473224,0.410146875,0.2471747872,3.933277757,0.7923463789
I_036,C_02,B_0712,0.3713245134,21.66304275,73.22594004,0.6502371554,0.7086401991,0.8403227214,0.23076994,3.482250431,0.537486042
I_051,C_10,B_1794,0.8557869377,39.97211277,77.33734301,0.1163292126,0.7935006968,0.4964796189,0.2812966428,4.604364357,0.4609133398
I_118,C_16,B_0893,0.9689781748,31.48651664,100,0.04554190633,0.6854365603,0.9945337211,0.225848103,4.687238823,1
I_056,C_22,B_0860,0.7815983592,35.64486849,89.62556127,0.240029075,0.8163877268,0.8644604979,0.2377345747,4.556138743,0.7058596104
I_087,C_15,B_0011,0.967570024,31.10952475,82.57100041,0.02,0.9612479297,0.9656931867,0.3717795369,4.273468049,0.7105683181
I_047,C_21,B_1695,0.6659040575,23.15717007,75.73659373,0.2683199009,0.9472240361,0.7149487532,0.2157599915,3.922233926,0.4518080366
I_005,C_19,B_1428,0.884063509,37.56546493,89.50900373,0.08477552605,1,0.6908028626,0.3644230912,4.277386848,0.7303651436
I_053,C_16,B_0283,0.3897757824,22.44085192,73.22651611,0.6221415409,0.5857421998,0.9114129707,0.3063842921,3.95314089,0.6110585886
I_005,C_02,B_0811,0.8714840188,35.66895267,85.78293266,0.05511248054,0.6323565261,0.9036212093,0.32882323,4.132267086,0.5973070357
I_099,C_10,B_1342,0.6181639536,23.06874056,92.43893085,0.3566915389,1,0.860533791,0.2290661077,4.57136471,1
I_075,C_11,B_0292,0.3,21.60907777,71.73387401,0.7,0.9100246605,0.3844421083,0.1455674674,3.879079781,0.6114001296
I_105,C_13,B_0755,0.8373653984,33.317624,82.6452164,0.169787466,0.6971687218,0.9848401626,0.316125844,4.506598196,0.8927137319
I_090,C_04,B_0627,0.7899375951,31.62936765,90.30345747,0.2040144051,0.8743692254,1,0.2458899057,4.27335732,0.6534043686
I_066,C_15,B_0944,0.7968738419,20.03143636,82.14531914,0.1985249311,0.6935487801,0.9153383885,0.3284431229,4.041995156,0.4603019622
I_038,C_02,B_0862,0.4521345334,24.56672418,61.52676167,0.5565002991,0.8385128165,0.7074621832,0.3151738248,4.50025655,0.6162456947
I_001,C_11,B_0130,0.4366085479,20.2427491,67.56181646,0.6147669818,0.929082581,0.4066987774,0.1352088611,4.285016224,0.4555286486
I_115,C_17,B_1176,0.622696555,28.7334863,64.69958218,0.3716800559,0.8475932533,0.7005195319,0.3572993538,3.484779963,0.7602822659
I_033,C_10,B_0324,0.5805504992,23.94794081,75.71311793,0.4178567892,0.7420155133,1,0.2538586631,3.924253422,0.8437570287
I_016,C_21,B_1091,0.7207172056,24.08305215,69.98844894,0.3687507913,0.5627066059,0.885451547,0.2206016246,3.907849102,0.642012352
I_092,C_07,B_0844,0.7628601797,25.60685797,60.00852927,0.2671862626,0.4657490445,0.6876500316,0.2854006738,4.164137951,0.7129234269
I_089,C_20,B_0964,0.3217639931,11.12743528,66.27962655,0.7,0.7036297326,0.6270118439,0.2313544184,4.011730165,0.7533389865
I_017,C_15,B_1865,0.6988982353,30.30630339,83.54606546,0.2473030789,0.8703461651,0.8230907792,0.198437367,4.009300834,0.7348763157
I_044,C_06,B_0866,0.4399548484,18.70322847,67.74178438,0.4685217147,0.6952024926,0.727911765,0.1292889305,3.624532806,0.6733560956
I_064,C_01,B_0922,0.5932760123,27.31232894,73.760522,0.3422427343,0.9812767958,0.767301125,0.3191437858,4.167396101,0.6091186868
I_090,C_11,B_0696,0.7695717816,25.46065522,82.5822203,0.2301492035,1,0.6490793369,0.3128844413,4.007718494,0.8151409602
I_028,C_09,B_0216,0.5090783607,25.83041967,62.07697415,0.5520422226,0.9113597027,0.7585471284,0.2637285823,3.556932403,0.8155040385
I_010,C_25,B_1781,0.9698996514,34.91606524,93.21601966,0.02283336299,1,0.7294615959,0.2957343144,4.245696194,0.8371882137
I_118,C_24,B_1262,0.817205867,40,100,0.1975809352,0.5312822923,0.4773427682,0.2396330926,4.815662023,0.9898267183
I_099,C_17,B_0159,0.7563614947,24.48087431,81.0514902,0.250771536,0.6932219005,0.7314033304,0.2465818725,4.064919667,0.7613829805
I_119,C_14,B_1059,0.6515236086,27.79737061,89.50423883,0.3246151672,0.8926473257,0.8200437626,0.1917648513,4.683498337,0.5995774483
I_053,C_14,B_0989,0.4966028045,30.46297846,66.29925574,0.4612752164,0.7801422263,0.6904095312,0.106143454,4.076479496,0.6101459317
I_013,C_06,B_0842,0.6697323932,22.29234747,92.23953583,0.3424351478,0.6747811885,0.6933558096,0.3913878236,4.531189015,0.8952885467
I_023,C_23,B_0635,0.4729779599,23.34023424,56.94393158,0.4764282412,0.8887736731,0.5814127132,0.1411623829,4.286986289,0.8806781405
I_092,C_17,B_0517,0.6125863975,23.15740025,74.82997738,0.4009064821,0.6725895724,0.6739389478,0.2581305883,4.092655226,1
I_074,C_05,B_1429,0.5194273623,24.95666979,48.2430242,0.4813877786,0.7442168537,0.7537638245,0.1437232879,4.336869333,0.7714909237
I_098,C_03,B_1748,0.625922607,30.05641069,53.32717205,0.3578280878,0.5842468732,0.9236963522,0.1971261833,3.43020338,0.7350281418
I_103,C_14,B_0598,0.9317867651,33.28822443,72.26100106,0.07896666842,0.7050471004,0.7899788468,0.2706053303,4.030417006,0.7591769378
I_109,C_04,B_0196,0.6811067029,36.39814403,91.78169743,0.4098902255,0.7625625852,0.7490800113,0.4348659973,4.384061395,0.809054877
I_026,C_14,B_1784,0.6909863336,27.56812997,71.74788902,0.3423859676,0.5590979278,1,0.3868148815,4.027311159,0.8049708126
I_061,C_23,B_0870,0.5618393858,30.2331121,75.89323161,0.4647124558,0.7475839759,0.5263640873,0.1119596764,3.974721542,0.8364890093
I_022,C_01,B_0411,0.5593961303,28.72613112,75.08749982,0.4114760443,0.7645901517,0.9216696422,0.2875368834,4.39036502,0.6595497298
I_034,C_06,B_0097,0.5503370128,35.48717618,99.14069139,0.4340444115,0.6555645308,0.6650387228,0.1143239149,4.976410715,0.5253381969
I_045,C_02,B_1001,0.3294052894,18.62062323,74.09441046,0.5097257661,0.7349772461,0.6517675712,0.4620011027,4.163226209,0.8740017913
I_011,C_05,B_1506,0.5469055163,29.28362165,68.64721878,0.4629464039,0.5592680056,0.7558567333,0.1683216848,4.096548524,0.9087083297
I_088,C_13,B_0157,0.5043948639,21.56048584,77.34518183,0.4609346452,0.8513129516,0.7227175748,0.287851339,3.593280791,0.5947535426
I_027,C_12,B_0420,0.5958865287,33.076962,80.24700143,0.3912397198,0.6494781554,0.8148471402,0.2107042442,4.889615457,0.6336255704
I_011,C_25,B_1803,0.4649349922,28.86807625,76.65961273,0.6099890998,0.6963423305,0.9718997347,0.3081385352,4.511385021,0.9593472233
I_086,C_02,B_0478,0.5961428406,25.84954646,68.77925473,0.3502377467,0.7971604108,0.9324422506,0.2995496047,3.687525845,0.6681807366
I_102,C_04,B_1856,0.8133263165,25.73712716,96.98274673,0.3261635512,0.7152877505,0.8152624776,0.187411836,4.120182376,1
I_051,C_21,B_0669,0.9345896284,38.7236302,74.54180315,0.06409548255,0.5437878552,0.6933187305,0.3368188263,4.191320721,0.6560512862
I_057,C_13,B_1418,0.7097241315,27.8819427,76.8823776,0.1800745809,1,0.8106400643,0.3661752469,4.013900221,0.6399054654
I_062,C_15,B_1872,0.6253829698,22.82232037,77.49347098,0.3170814246,0.5277090458,0.4640938796,0.2899269071,4.57062973,0.5726458239
I_003,C_02,B_1300,0.8403596561,27.81176151,72.59325941,0.1560801598,1,0.7409072189,0.2847009028,4.457640476,0.9634389559
I_037,C_01,B_0448,0.9631134748,31.22349201,84.05867083,0.07477273198,0.8593021243,0.6269689127,0.3038944499,4.293963349,0.8440557371
I_116,C_25,B_0554,0.5145909842,27.02090646,70.16504815,0.543802343,0.9088167301,0.5603066886,0.3201646746,4.072552043,0.5358118511
I_079,C_04,B_0179,0.8185211198,25.35732331,71.18727585,0.1588471169,0.5952862889,0.7459739419,0.3606462001,4.353156337,0.7968545085
I_100,C_08,B_0391,0.3981928979,22.68624426,78.45723646,0.5758177427,0.679618952,1,0.03301715556,4.348183881,0.5966155697
I_023,C_15,B_0579,0.5717389289,30.44285134,89.78039754,0.4296780101,0.7319999513,0.9502759113,0.1595011225,4.070981658,0.7473107131
I_082,C_04,B_1478,0.6087606563,35.48013983,76.25956516,0.370047408,0.986233305,0.8317293248,0.378971219,4.291536122,0.7458199086
I_037,C_20,B_1707,0.9056580471,35.23747289,74.73939167,0.08795647957,0.9575191304,0.8434021233,0.2570391504,4.47214947,0.9105709874
I_012,C_01,B_1288,0.6033517906,29.07175935,89.74291757,0.4074783487,0.7199724569,0.9136954101,0.2768050067,4.112499727,0.7520129328
I_119,C_08,B_1645,0.4701699394,24.12915645,92.29630489,0.5521909007,1,0.9880090274,0.1945964209,4.488629646,0.7351714908
I_005,C_11,B_1024,0.9750040302,29.95709307,76.52332156,0.04390585511,0.6887444287,0.8145206086,0.2232601526,4.060081169,0.8360750071
I_116,C_17,B_0821,0.5482294582,17.89425278,78.49700999,0.4415691837,0.9276862307,0.8347476528,0.3146142781,4.015244073,0.6828276044
I_116,C_09,B_1825,0.6981986913,29.6285611,79.93165414,0.3236773733,0.9223819655,0.6220024854,0.2122320864,4.64514921,0.6911046995
I_003,C_01,B_0985,0.6684684111,29.15289927,84.15006262,0.28680447,1,0.8138181874,0.2047450451,4.078889066,1
I_009,C_08,B_1339,0.7741570713,22.67601229,73.66316868,0.2428110969,0.8143970788,0.7333789329,0.3337907372,4.371451615,0.6960438012
I_035,C_02,B_0665,0.660336617,19.99056223,75.51413119,0.2843184169,0.7794627723,0.6672838762,0.1957916785,3.685755575,0.6998097289
I_106,C_23,B_0143,0.8036543672,25.47585154,68.45587315,0.1481723963,0.8742079125,0.9031931467,0.2250732954,3.772238862,0.4819146204
I_057,C_25,B_1517,0.5937148382,23.82135798,81.3577782,0.3084498201,0.7403610789,0.6900444921,0.2075405029,3.84180634,0.851134505
I_097,C_05,B_1430,0.4943786816,27.0321376,73.93087116,0.509527074,0.8010661315,0.80395409,0.3397077321,4.960975432,0.5503686421
I_058,C_02,B_0865,0.5193668089,31.89899789,78.0923922,0.5296506546,0.7492334589,0.7624583732,0.3451533639,4.591327665,1
I_098,C_24,B_0422,0.4213064875,20.66386634,51.28825087,0.574513919,0.8963588361,0.7103539176,0.3634911305,4.020489235,0.6840098825
I_118,C_13,B_0637,0.8406700899,26.74904005,85.34924505,0.1231100173,0.909428331,0.8422199279,0.2218873031,4.613578095,0.9540604194
I_015,C_16,B_1407,0.7353496947,40,70.92728272,0.3160329862,0.921461724,0.9599587132,0.3225309643,4.273524582,0.8291332435
I_017,C_05,B_0800,0.6775188489,28.63842571,72.80225034,0.2633489317,0.5355251702,0.8128340327,0.2315722922,4.446179727,0.819108258
I_042,C_11,B_1404,0.5304070261,23.44310061,78.87963557,0.5428712565,0.6670784269,0.7626496362,0.2951435942,4.274245086,1
I_069,C_16,B_0616,0.7273492586,23.30350027,81.6593817,0.2997339426,0.6929739948,0.8011852142,0.1357557266,4.305313175,0.7943879125
I_038,C_08,B_0295,0.5352462907,21.1761583,63.8163491,0.4974371543,0.7925518047,0.6558619002,0.1030435444,4.091514073,0.4393550403
I_118,C_18,B_0924,0.7571360726,31.00917434,100,0.3041057304,0.8298536421,0.8629363044,0.204391043,4.775085999,0.6424037819
I_057,C_24,B_1269,0.7646505513,26.78567091,84.09377558,0.2269895727,0.8294720176,0.6673344488,0.03697996232,4.071531718,0.4436984556
I_026,C_06,B_1903,0.7437814743,26.06837158,75.85671585,0.2547629316,1,0.6254886484,0.2635745917,3.997904298,1
I_106,C_15,B_0089,0.4699072411,26.55462851,84.20209103,0.4690105449,0.5505714796,1,0.1445496345,3.761540602,0.4826059903
I_060,C_11,B_0042,0.6525910413,24.82305863,75.26935712,0.3357225558,0.9503711934,0.5889722967,0.2979364676,4.140378695,1
I_040,C_23,B_1802,0.5059987161,25.73218068,83.68557031,0.4897576941,0.6473290941,0.6674629193,0.259032388,4.088093039,0.5006977815
I_108,C_01,B_1934,0.6530619669,22.88525002,86.30990348,0.3610853616,0.707310386,1,0.315284905,4.091783142,0.7666403758
I_008,C_25,B_0132,0.5836352495,29.36868064,72.99969988,0.3767216451,1,0.7195190955,0.2179730226,4.045650526,0.7607997908
I_077,C_04,B_1002,0.7033621348,32.74115883,72.99935019,0.3092610334,0.5070632711,0.9068029971,0.2908162844,3.612241673,0.8537656729
I_002,C_14,B_1158,0.7626426513,28.88353294,70.3667081,0.2702266706,0.8907546396,0.8323054461,0.1840652635,4.131338192,0.7865388374
I_004,C_04,B_1095,0.4144566052,26.03018977,62.70441641,0.6438040655,0.699887888,0.9297391848,0.1089064501,4.086131939,0.8225720082
I_094,C_09,B_1855,0.5956275618,31.98557195,67.08023204,0.4479123353,0.634990099,0.6216160799,0.2583857017,3.944230053,0.7228583516
I_040,C_04,B_1345,0.4770490676,25.54419707,67.64248146,0.4921569,0.918424743,0.7018043096,0.2193251336,4.644161882,0.9675192178
I_118,C_07,B_1499,0.850065076,38.72951732,90.43832848,0.1627600458,0.7685123033,0.6218481919,0.4451778129,4.993364565,0.6264659674
I_065,C_13,B_0165,0.4911342234,29.73519477,88.79443829,0.5751073532,0.8995444089,0.4490921617,0.205931963,4.021475417,0.7862719221
I_103,C_18,B_0725,0.8043560286,31.38553382,100,0.2057688717,0.7938332405,0.6656454239,0.4700556264,4.110258955,0.7611688138
I_055,C_08,B_0291,0.7086984663,31.724019,92.15196749,0.2517891582,0.8613938381,0.5949206157,0.1726953046,4.068313648,0.6960015023
I_040,C_08,B_1209,0.5512197926,30.84022843,86.94315656,0.4269428012,0.7032204901,0.9091399368,0.3762360622,3.524994549,0.5905175009
I_013,C_02,B_1589,0.7726013018,27.43407744,88.35158236,0.2913424961,0.8080934345,0.8542080283,0.3111204699,4.064996596,0.8141387076
I_032,C_23,B_1897,0.3355971275,27.4501747,87.28709849,0.6316420572,0.7881800665,0.825640587,0.3553446288,3.760998707,0.5549724006
I_008,C_01,B_1642,0.6594152552,27.02673046,61.56296747,0.3104511227,0.8473844561,0.6616847359,0.2593566981,4.321478094,0.9800334096
I_083,C_24,B_1362,0.3344033146,22.28293396,87.10290867,0.7,0.9158981131,0.3984164968,0.2835056818,4.246182267,0.5875034082
I_039,C_10,B_0779,0.6115958644,19.38490991,71.85160676,0.3303999875,0.7499984524,0.5936384643,0.3246247071,4.643660797,0.5958676641
I_067,C_08,B_0840,0.4174451258,17.88786659,77.45677372,0.595907098,0.6857730868,0.8855664065,0.2559730587,3.735264749,0.264406661
I_048,C_08,B_0349,0.5869343414,21.89703939,88.92064717,0.4918941467,0.9167419825,0.9747010447,0.2528434825,4.317264141,1
I_108,C_05,B_1945,0.5484276362,30.30782484,86.71920467,0.3891160109,0.7469479421,0.7103512106,0.303544927,3.947254996,0.7090035791
I_058,C_18,B_0572,0.8147896935,25.91595024,89.26125727,0.08697539925,0.676452049,0.7881866277,0.2467649863,4.614310035,0.9614997591
I_092,C_20,B_0918,0.764691701,29.10271596,70.58966502,0.1829377082,1,1,0.1584845473,4.078244177,0.5871851053
I_055,C_10,B_0977,0.5732240337,27.52766578,70.18088692,0.3389625986,1,0.6038105545,0.2220450688,4.33890696,1
I_072,C_25,B_1914,0.5764105393,28.55013272,84.14612847,0.3845952101,0.5944954436,0.5046307404,0.1321654123,3.785967814,0.6706581879
I_047,C_16,B_1469,0.5956018521,24.86749096,78.66425989,0.4088030785,0.7258657093,0.6617000867,0.2252133039,3.671607634,0.5482138882
I_051,C_03,B_1592,0.8023408531,34.03844687,70.85254994,0.2012096274,0.7735044179,0.5574766627,0.5167293766,5,0.867118138
I_073,C_20,B_1318,0.3882974624,20.91088276,65.20807779,0.5474464947,0.5648455966,0.7258745604,0.05560970133,4.403105969,0.7926445223
I_042,C_21,B_1845,0.5919600292,20.19509617,65.48848214,0.430711075,0.6710967705,0.5834490591,0.1363350927,4.480668624,1
I_081,C_07,B_0137,0.6620682044,29.74955316,79.67842721,0.2472758028,1,0.5825047351,0.2723104951,4.206748829,0.5284807659
I_063,C_23,B_0459,0.6685018747,20.68055214,77.70706905,0.3854400129,0.8001942939,0.8942140095,0.1210258144,4.563101418,0.8589046884
I_099,C_11,B_0376,0.3559771016,24.57015885,83.57954302,0.6217086575,0.6995640109,0.8477327834,0.212799449,4.643252076,0.7517059983
I_035,C_06,B_1343,0.4368029876,10.83655451,73.16901427,0.5877336227,0.7640881605,0.9411339379,0.3958052477,4.34541364,0.5518992547
I_050,C_13,B_0334,0.306244591,25.75774788,63.32481806,0.7,0.450413466,0.617255645,0.06126307116,4.294605772,1
I_026,C_11,B_1160,0.776982935,25.2213162,79.36290497,0.3163957548,0.6490358752,0.7602545007,0.1356493869,4.601334304,0.438657315
I_037,C_13,B_1761,0.98,25.00426063,100,0.1052896717,0.9441804689,0.6692404533,0.1749470166,4.721568315,0.9169423102
I_043,C_24,B_1458,0.7091716283,32.08966269,77.5027835,0.3946643893,0.5038124725,0.8521531786,0.2533904929,4.360443277,0.7039449056
I_112,C_10,B_0817,0.5336977503,17.95391167,82.22721837,0.4785789496,0.9277074445,0.4416764657,0.08536438032,4.174633779,0.7299292808
I_021,C_01,B_1115,0.5679843975,23.86031019,66.74578812,0.4165929628,0.7860799916,0.8213913876,0.3547564392,4.828069579,1
I_113,C_13,B_1006,0.3031337548,25.00469416,63.94785127,0.7,0.7313621528,0.6606949522,0.1470315318,4.484893465,0.6259702256
I_098,C_03,B_1857,0.5934206645,32.83946246,68.13075513,0.4260457409,0.7988245073,1,0.2781293506,3.651913427,0.4669164438
I_082,C_07,B_1955,0.4230964488,36.28286363,81.6207762,0.5620928498,0.8973228631,0.6351943576,0.1428500979,4.180229477,0.6394726071
I_101,C_12,B_1851,0.608141081,25.64983685,79.047411,0.3310584471,0.9747821608,0.7061111885,0.1658782685,4.66821699,0.5102101512
I_036,C_08,B_0911,0.300733937,19.43518053,70.41940689,0.6907560909,0.6871079926,0.5119047751,0.142285132,3.181010828,0.7801778717
I_014,C_17,B_1930,0.7625769026,27.55260615,65.86788119,0.1987428891,0.9755730344,0.8120207067,0.2477222802,4.935451356,0.7374653545
I_090,C_08,B_1126,0.6463173526,30.42764741,71.70696325,0.3264619481,0.837663672,0.8597548134,0.3638981671,4.609265337,0.8669118839
I_001,C_01,B_0329,0.6504120867,30.38132787,85.38707053,0.3451195801,0.6994400583,0.6508312856,0.2510558395,4.282333486,0.6301736162
I_031,C_22,B_1248,0.5589932406,27.62118606,86.04909362,0.352989586,0.9384392337,0.7121013928,0.3569397215,4.668433061,0.5436514963
I_020,C_16,B_0319,0.5195862956,28.66341153,62.05792887,0.4929993193,0.9666496187,0.7118367208,0.2276667707,3.815915466,0.6687952243
I_029,C_02,B_1690,0.6311935951,23.4034224,80.62348575,0.392604698,0.6731271501,0.7876266332,0.2486349068,4.112404396,0.7560149517
I_085,C_20,B_1359,0.6003076748,35.21444467,72.07606993,0.3344277038,0.8604627332,0.732145656,0.367211961,4.542956686,0.7592122703
I_040,C_07,B_1733,0.6128712215,30.18548142,100,0.3329386788,0.7994815894,0.8595868619,0.3469001233,3.954865296,0.5055622016
I_047,C_06,B_0168,0.5529428362,25.45254945,74.01548578,0.5378919601,0.5915652719,0.5531583436,0.2509537509,4.267219085,0.8060836837
I_075,C_15,B_0013,0.3,14.95706992,79.9860463,0.7,0.6641440366,0.7658046312,0.1821979193,3.2646662,0.8030201942
I_106,C_06,B_1927,0.6677796618,27.24961361,75.64662979,0.3235606478,0.7452569996,1,0.1929902224,4.715083073,0.8260750892
I_005,C_09,B_0172,0.7385342032,32.61011254,93.04142855,0.2345173385,0.8950814442,0.9832486942,0.2059837154,4.252468478,0.7944412855
I_109,C_21,B_0650,0.6793637226,32.80496854,85.8335538,0.2202442824,1,1,0.3258380989,4.317075218,1
I_081,C_22,B_1062,0.6392662772,32.98419972,81.25973996,0.3664209199,0.7664125192,0.6037813622,0.3304633215,3.855162685,0.6204387049
I_012,C_15,B_0261,0.6661687814,27.3739564,100,0.3662403209,0.7900429479,0.8306145465,0.185557238,4.303410023,0.74179339
I_089,C_17,B_1367,0.5090107086,27.17958317,79.68390983,0.4703709479,0.7254684623,0.9036544483,0.4147162022,4.480281806,0.6083534503
I_017,C_05,B_1549,0.8443890234,36.97225012,98.09249256,0.1431815037,0.962828384,0.6922321844,0.1393922844,4.604940665,0.704754544
I_016,C_24,B_0902,0.6703206722,25.33825469,89.52652228,0.3206460038,0.8361421941,0.7846958864,0.2784490704,4.439151006,0.700877964
I_067,C_06,B_0673,0.4715257074,18.65487736,93.30178684,0.5578272224,0.851594591,0.5899407409,0.3189108679,4.240939711,0.5417625172
I_058,C_21,B_0259,0.8299482893,28.92248863,79.35685824,0.2393390987,0.9199221583,0.579695084,0.1743080943,4.543456897,0.6751866146
I_058,C_04,B_0845,0.7661069503,31.57669415,100,0.1860918015,0.8383062291,1,0.2582866844,3.913015235,0.8621609521
I_032,C_03,B_0868,0.6748932262,19.6440984,61.46819326,0.416443439,0.8964220911,0.5649172425,0.2072463618,4.34033716,0.5513220151
I_021,C_14,B_1800,0.6080976327,30.70983562,76.77879505,0.3880549294,0.8817374445,0.6754511965,0.2905799687,4.075836712,1
I_035,C_11,B_0139,0.5058732519,20.99916847,93.16928584,0.5610557303,0.6780899398,0.8492033723,0.2247978773,4.172046539,0.4976541395
I_003,C_13,B_0894,0.7139630455,26.88783629,83.61624269,0.2205638285,0.6627819199,0.7437373069,0.4016425266,5,0.9021287074
I_040,C_16,B_1838,0.5906587544,24.47350139,92.3369608,0.3843514426,0.8434204273,0.8528634366,0.3514840826,4.872609809,0.7563044109
I_068,C_11,B_0550,0.4085144574,21.14792093,69.09997522,0.6108022775,0.515903432,0.7725462924,0.1235621586,3.706323865,0.6908088262
I_096,C_22,B_0320,0.6383358376,26.64151281,84.35359966,0.306841158,0.864018251,0.6511593627,0.2566113793,3.707761238,0.4707445081
I_073,C_25,B_1527,0.3,22.43703782,62.01235921,0.7,0.7997122985,0.7324082007,0.3666833,3.933641801,0.7228703128
I_059,C_20,B_1806,0.6284336102,21.98503647,60.67080121,0.3499186475,0.9064741348,0.5559370908,0.1235614847,4.363011503,0.6184137518
I_064,C_08,B_1178,0.4714174621,27.85093404,60.86192534,0.4894834509,0.5772717231,0.9500834946,0.1595099425,3.766400524,0.8042622495
I_040,C_18,B_0559,0.7795779692,25.34276849,44.37553673,0.1766086633,0.7066246084,0.9453315589,0.1928030396,4.595070323,0.5960397097
I_035,C_13,B_0140,0.4723205363,17.199678,76.7537018,0.4396714063,0.9110878892,0.5705505622,0.3810817442,4.203527272,0.6836435378
I_109,C_09,B_1735,0.6634614372,31.6759656,79.11238679,0.3641981972,0.5174826422,0.7333531374,0.2136569112,4.353066913,0.5583077793
I_086,C_20,B_0532,0.4362060219,18.02972586,63.56146373,0.6507799319,0.7287296195,0.7720525384,0.2473134644,3.91798069,0.5087574119
I_089,C_20,B_0225,0.536456288,24.7524088,49.49908715,0.4312090056,0.7764457555,0.5707313028,0.1785089138,3.89726389,0.6200963253
I_113,C_04,B_0724,0.3263063228,22.05482918,68.19294799,0.6876874041,0.8621489221,0.8587641071,0.2179769474,3.893198552,0.7733007768
I_005,C_18,B_0787,0.98,31.77615438,97.89659755,0.02,0.8382364303,0.9960218107,0.3967634487,4.498003059,1
I_024,C_17,B_1718,0.5725310567,24.32137331,68.88009241,0.4011198773,0.8730297227,0.7219426105,0.129068371,4.554334841,0.9895498566
I_032,C_13,B_1008,0.5408950431,21.77761289,86.24521303,0.5185766471,0.8485735961,0.7385061927,0.3189878738,3.900205365,0.9460478523
I_119,C_15,B_0410,0.496191158,22.56544325,71.92261242,0.4008746634,0.7303286764,0.7378865275,0.002663802154,3.888201956,0.8102945322
I_039,C_18,B_0326,0.5241342474,21.85057174,83.09183672,0.457628389,0.9383602235,0.6531167923,0.1992354158,3.87466548,0.7511895421
I_117,C_06,B_1766,0.7597262601,24.90930752,62.13245917,0.2323906112,0.5730615021,0.8385725759,0.1044700686,4.349525157,0.8460239725
I_070,C_15,B_0300,0.320199079,22.24058819,71.4360811,0.7,0.7364643185,0.8217769154,0.2867548641,4.139795174,0.7133187317
I_113,C_12,B_1263,0.3,18.76856803,63.06967199,0.6507174309,0.8193227129,0.7465550162,0.3205929985,3.831413098,0.6964861871
I_039,C_17,B_1946,0.7813068208,20.52981495,76.04988972,0.1975540432,0.8077185243,0.5880271624,0.406106595,3.399428834,0.6887609908
I_038,C_24,B_0026,0.3082286429,22.97381855,73.18067227,0.6527647244,0.6536985351,0.8557593565,0.2391391547,4.330504614,0.7454273031
I_019,C_02,B_1859,0.499388016,28.38137111,59.69155253,0.4867534285,0.8675995605,0.3714804344,0.3434964355,4.110909041,0.6287303395
I_073,C_16,B_0715,0.3737858002,21.42125856,61.70273548,0.608891785,0.4877151389,0.4684662442,0.2282150416,3.947980881,0.6405989435
I_092,C_20,B_1010,0.6383083777,34.14967199,60.51824789,0.3936907648,0.4711411725,0.5382858981,0.2485628532,4.414605346,0.7122018784
I_023,C_15,B_0194,0.4702056129,25.3399772,89.3706303,0.5193689432,0.3514117453,0.9073376271,0.08104055123,3.495528792,0.5990058081
I_030,C_12,B_0441,0.9331052062,33.44961545,69.46999877,0.05173185965,0.7693636739,0.8242493299,0.1840468939,4.588831131,0.8111871456
I_090,C_01,B_0574,0.6996313246,21.97949026,83.25512096,0.2302252857,0.6091953564,0.6897222232,0.3303919519,4.917133353,0.9338517448
I_030,C_20,B_0947,0.7827430057,26.91439456,83.28960913,0.156752213,0.8771651667,0.9369661252,0.24003732,4.164997605,0.5769939064
I_110,C_02,B_0998,0.5438300609,29.39048911,56.30208995,0.4008846715,0.5652717021,0.6642243722,0.2336983378,4.510227624,0.6067822231
I_057,C_11,B_0504,0.571507828,28.92020353,68.31554325,0.4562668084,0.7447364472,0.5773144428,0.3013844513,3.797970182,0.6505009697
I_076,C_16,B_0606,0.4470415441,18.77651504,59.94899036,0.5154528565,0.5512126663,0.6971008791,0.3952387135,3.810820245,0.7279438751
I_108,C_22,B_1717,0.4793559072,31.26852558,83.8500344,0.4890549438,1,0.6569861078,0.4695368186,4.305562347,0.7542167499
I_115,C_07,B_1164,0.6464479643,25.57640329,86.38687475,0.2949902633,0.5757724963,0.6462203629,0.05839750952,4.861889976,0.6796932427
I_062,C_22,B_1787,0.679378127,20.14062974,76.51126539,0.3659727712,0.6275163816,0.6461308763,0.1004667132,4.543161617,0.7413827742
I_092,C_17,B_0847,0.5422476337,22.8585585,58.92894632,0.4980608669,0.8856518458,0.6565975676,0.2970643753,5,0.5845652456
I_015,C_18,B_0004,0.7952024105,31.50464394,86.325703,0.2229383732,0.7938592708,0.7472464721,0.2494027815,4.772039085,0.6224362086
I_113,C_03,B_1287,0.4634044401,17.75081068,76.3301314,0.528153827,0.8773342123,0.469725708,0.2005912536,3.89909982,0.5084183156
I_059,C_19,B_1223,0.4154148226,26.39795127,89.32935719,0.5443807515,0.9831056116,0.867211533,0.1774477723,3.722064496,0.6982672119
I_095,C_24,B_0468,0.5437549717,27.18083872,81.71996412,0.323975321,0.496827773,0.539893132,0.3390644964,3.688151023,0.7463660387
I_052,C_20,B_0322,0.4408319157,27.26392499,91.82826136,0.4986644112,0.8361298937,0.7484888366,0.2406616106,4.355240633,0.6345267776
I_072,C_25,B_0006,0.7565248167,25.96566575,82.76165201,0.2850559563,0.429606399,0.7246227466,0.281835458,3.654142221,0.6222070874
I_119,C_15,B_0223,0.5543086448,30.87829313,67.62444207,0.6061297856,1,0.793871998,0.2017923914,3.904398534,0.630858732
I_104,C_21,B_1375,0.5087077204,21.47603935,88.23324041,0.5012419989,0.9344041379,0.7440721081,0.269514046,5,0.6949827096
I_005,C_18,B_0548,0.8798817299,31.1409637,87.03847329,0.1271941588,0.9050178445,0.8013526667,0.2599514184,4.591993217,0.7965066094
I_001,C_17,B_0229,0.5522000872,16.3419425,80.99329581,0.4983067797,0.9378789592,0.5236443327,0.3159446255,3.516045238,0.6901961221
I_042,C_14,B_0040,0.603287245,20.77838189,90.2209843,0.375225637,0.7351942377,0.7087652946,0.139753389,4.16448223,0.45814575
I_008,C_14,B_0543,0.4835052088,36.34747721,75.92020655,0.392427336,0.8338401321,0.6353822679,0.2652592823,4.268706217,0.6499886946
I_097,C_06,B_0243,0.3896053985,23.96941215,60.66052213,0.5972271979,0.6116479155,0.7335875444,0.423791606,3.850112682,0.6455991909
I_012,C_05,B_0899,0.800337103,17.23734253,77.8893131,0.2573831364,0.5915151737,0.9114879043,0.1338694797,4.493673157,0.6600114634
I_056,C_13,B_1134,0.7544637579,23.21111796,94.34392621,0.2534083574,0.7509199181,0.9064743891,0.2954279118,4.528203238,1
I_045,C_22,B_1449,0.4940497052,27.55387683,70.72745242,0.4686507558,0.6617508462,0.868537859,0,3.353841843,0.7783955385
I_113,C_12,B_1869,0.3539520036,11.47503094,77.46625861,0.6638802504,1,0.7292554949,0.2665968598,4.307239496,0.4106256838
I_114,C_09,B_0843,0.8564309256,28.08933652,70.74334358,0.1634633708,0.8299592613,0.908043205,0.2463276908,4.671845092,0.9155145988
I_097,C_06,B_1419,0.6365274678,31.62498457,68.20499949,0.3420660651,0.7034828648,0.7808324032,0.2222574834,4.645426814,0.7505475997
I_067,C_19,B_1654,0.3213996437,21.32421953,64.36123062,0.7,0.7705609471,0.7308514424,0.225613029,3.915382483,0.2978644204
I_018,C_08,B_1970,0.9285393244,26.87388217,90.73848956,0.0860327941,0.8664352056,0.8319231321,0.4445394641,4.685136355,0.7038144082
I_024,C_14,B_0662,0.757888823,27.57608446,83.31732791,0.3033453651,0.8945092828,0.9817636237,0.2830570298,4.243761072,1
I_108,C_23,B_1211,0.4883407228,35.19804492,73.82016049,0.5768693555,0.3753497159,0.6906596411,0.4495678682,3.693465621,0.760387558
I_019,C_12,B_0315,0.4578872738,32.52487469,84.35172472,0.5246092225,0.9305555955,0.7654729545,0.1492831831,4.096441063,0.7626614762
I_008,C_11,B_0692,0.4697401075,32.73187305,69.95344761,0.6185657267,0.894294501,0.6698670383,0.3075110625,3.886430079,0.4995270234
I_041,C_14,B_1504,0.7847630713,27.16550078,65.11289627,0.2117276159,0.6653862854,0.5504814443,0.05930815158,4.012002287,0.6032020221
I_097,C_19,B_0425,0.7158080559,40,72.02751048,0.2816607392,0.751419952,0.7196326871,0.1620362662,4.126764113,0.66736607
I_001,C_12,B_0595,0.6228558391,18.96940174,75.2769746,0.3514712028,0.9390759679,1,0.2342328132,4.268749388,0.6857006438
I_042,C_01,B_1964,0.6311306932,24.38774273,77.55171488,0.3282304583,0.8887391912,0.6328185915,0.04792800125,3.597353177,0.6381105139
I_069,C_04,B_0623,0.6288954602,24.91052015,77.08158488,0.4298270364,0.9470169344,0.6019484649,0.1513447783,4.303584632,0.7773167812
I_111,C_08,B_1171,0.5413711467,29.5409991,54.99570571,0.4920060189,0.8197332807,0.850664857,0.1123683922,4.048438686,0.7432452468
I_050,C_08,B_1044,0.3,17.46684748,61.72698497,0.7,0.8434509856,0.74660518,0.2157109968,3.622315814,0.5282794387
I_097,C_03,B_0228,0.8054939234,30.53936205,70.45141561,0.273266972,0.6375762718,0.7061565444,0.2090707604,3.41158246,0.6729752534
I_005,C_01,B_1118,0.8409862647,24.56610856,77.15810127,0.1737274579,0.8999076426,0.7411613204,0.3129743441,4.124415638,0.5658922706
I_060,C_24,B_1332,0.6028944702,19.43206886,48.11865748,0.4113685104,0.9214519904,0.9378608334,0.2774173264,4.177200612,0.6965762094
I_063,C_21,B_1316,0.6625143574,29.27617295,79.54138179,0.391344469,0.7815501809,0.9363825106,0.07058953928,4.380024133,0.6494085633
I_009,C_03,B_0067,0.7564601889,20.75100164,88.79045313,0.2671530052,0.7358821135,0.5514356592,0.2205279545,4.413578324,0.6718651984
I_030,C_14,B_0025,0.6523128798,36.07643694,83.98662887,0.3626325772,0.796243752,1,0.4098823823,4.454414905,0.9480403801
I_041,C_10,B_0145,0.6593443665,18.97511776,67.35932982,0.3430293587,0.7015798758,0.7712068041,0.1051254109,4.496050878,0.5424461439
I_015,C_05,B_0537,0.8779207605,35.01876037,76.51956675,0.1397829646,0.959583357,0.8302097225,0.3118823451,4.658752988,0.9953149737
I_029,C_03,B_0812,0.8118562394,21.03745601,68.35747757,0.1806639787,0.8382088517,0.6398181541,0.4058449352,3.458215282,0.6593718579
I_072,C_10,B_1467,0.5620490294,20.5991102,94.15403926,0.4515162299,0.7549629123,0.6856182571,0.3696791425,4.062989086,0.4936689132
I_002,C_12,B_0086,0.696259984,30.44552625,77.18853933,0.1758259896,0.9396104622,0.8757566747,0.2877673251,4.053939877,0.9501790216
I_035,C_01,B_1661,0.5641429071,33.23208756,75.64709001,0.4025595431,0.5427493667,0.8071676135,0.1854828186,4.04157658,0.7845334877
I_067,C_05,B_1646,0.3,27.28543052,73.57264079,0.6841885913,0.7510138206,0.5516370436,0.150939023,3.904929002,0.6041363331
I_113,C_15,B_1805,0.3731084678,15.32917763,79.0488289,0.5482924611,0.5753338958,0.7728915884,0.07482288834,3.845755595,0.7000155631
I_056,C_25,B_1818,0.5020499361,21.24996102,95.30304585,0.5089901136,0.8319660991,0.8104157882,0.3576070958,4.755171107,0.6163548926
I_049,C_22,B_1577,0.5042284406,26.50199876,88.9051509,0.3683225061,0.7609447915,1,0.3077797103,4.177088602,0.7998444326
I_113,C_23,B_1145,0.3156790147,23.9267998,59.02783015,0.6442845366,0.5810579966,0.439776324,0.1788781669,3.412733169,0.6304498915
I_024,C_20,B_0363,0.6509946972,37.71888988,74.46924383,0.3460706738,0.8257903806,0.9260527557,0.1921189602,4.452392803,0.9188038361
I_066,C_10,B_1612,0.5085830499,24.48423266,71.38241639,0.5225993126,0.655848832,1,0.1513224441,3.968081527,0.7326721017
I_074,C_08,B_1866,0.5687289389,6.159239501,77.60847394,0.3863344739,0.849864401,0.6786316908,0.1554895432,4.006164825,0.6039651064
I_057,C_15,B_1027,0.707252383,29.35941051,85.02436658,0.2581071712,0.6783055793,0.5841043603,0.2767835513,4.318855396,0.9029731251
I_023,C_09,B_1031,0.4903437407,26.28343061,73.1939496,0.4682206103,0.7480927172,0.526448171,0.2681721231,3.570031159,0.7100590076
I_120,C_09,B_1304,0.7246572079,24.77264568,88.44924905,0.274216718,0.9153079397,0.7553139689,0.2902427852,3.98386531,0.4921994754
I_060,C_05,B_1356,0.5491004382,33.17353661,82.503907,0.481203823,0.7857129971,0.7505830823,0.3469272994,4.576981749,0.6561995262
I_014,C_24,B_1731,0.6631892841,29.00883854,76.74326306,0.2785580285,0.9008487959,0.6762503231,0.4130351256,5,0.6874657711
I_033,C_14,B_0666,0.5004652016,26.9438778,78.26871324,0.4987254179,0.7449370294,0.7234216452,0.3596205107,4.170143222,0.8056678361
I_120,C_07,B_0365,0.503957838,23.61981096,67.43439665,0.4730964109,0.632879806,1,0.1621924639,3.905249003,0.6605970524
I_047,C_11,B_0078,0.5176481132,30.08866382,81.10109255,0.4956787833,0.6854426488,0.8283382947,0.219103657,4.50974756,0.8934509393
I_064,C_13,B_0028,0.4901701489,29.61431,71.16855163,0.4435290805,0.4936701205,0.6441987793,0.2410626255,3.592024652,1
I_109,C_06,B_1437,0.5393694085,36.53603664,65.41863982,0.4349117721,0.7348283337,0.7787644961,0.2607830478,4.428850414,0.8283867106
I_058,C_20,B_0526,0.8164263589,36.73616803,80.46245611,0.1763617431,0.5447865808,0.961540841,0.1803533212,4.761864062,0.8022368029
I_117,C_23,B_1835,0.569782947,28.22064592,88.50817131,0.4495715859,0.8750546232,0.6616626311,0.4220888308,4.96812001,0.8240134922
I_051,C_09,B_0056,0.7154957164,21.43480046,74.20098991,0.3820040627,0.824324362,0.7399670957,0.3271456771,4.219121732,0.5625543828
I_100,C_01,B_0639,0.4121833555,29.51295587,70.49692778,0.562818756,0.9401827658,0.6981230964,0.1752944246,4.62555599,0.9489583894
I_112,C_13,B_0303,0.3089547797,24.3352802,76.09487123,0.7,0.6181216356,0.8054253967,0.2098910322,4.331608956,0.5673223016
I_049,C_15,B_0719,0.5930845232,28.93849284,79.91966028,0.4251823635,0.8194311065,0.7393586574,0.3019890258,4.845218178,0.7669979965
I_016,C_06,B_0625,0.7226399194,31.74134782,74.42842516,0.3352958835,0.8881449662,0.6969505433,0.1765355105,3.9569852,0.8976904892
I_021,C_01,B_0008,0.5272892946,36.24925816,92.18408047,0.4581233703,0.8381610413,0.6812782076,0.1951342419,3.97623738,0.8867248136
I_013,C_11,B_0804,0.8246229887,34.99720586,78.03197158,0.04836383854,1,0.8750521664,0.2733863775,4.326665382,0.8473044536
I_051,C_04,B_1050,0.7554170204,35.65063642,91.77243119,0.2907212887,0.8220327414,0.7177552872,0.4305801839,4.539016108,0.7216769208
I_094,C_07,B_0337,0.4620319114,21.0371202,70.72766146,0.5372137223,1,0.8556137391,0.2075477622,3.840923555,0.469153078
I_062,C_24,B_0048,0.6931114102,35.40621526,81.16992243,0.3295857478,0.5658439466,0.6497551817,0.1575220132,4.545782893,0.7491022661
I_076,C_19,B_1764,0.4936470998,24.17179245,67.62651077,0.5201081147,0.7988097953,0.672329914,0.2762572622,4.181988791,0.8481313886
I_087,C_13,B_0107,0.833143187,25.60721602,84.86604048,0.1024032183,0.8383160434,0.6590631302,0.3087694586,4.362721353,0.6651215994
I_012,C_11,B_0350,0.7824377254,25.2034966,85.58719989,0.2549867116,0.6416298127,0.6609638395,0.183772806,3.726591159,0.9940468505
I_043,C_13,B_1080,0.7014229201,26.96474431,74.96639713,0.1934600243,0.8439471594,0.625866523,0.3046982278,4.434635351,0.9316715493
I_027,C_25,B_0239,0.7363686063,26.08447221,94.52129093,0.2338336099,0.5080840256,0.4274626303,0.3131511747,4.63400371,0.7541492408
I_006,C_03,B_0214,0.3503409786,21.9572875,90.60326265,0.6711887534,0.787412641,0.5516185574,0.08637131543,4.296851751,0.4580757147
I_098,C_03,B_1776,0.4037970168,27.20171521,75.44054253,0.6460252414,1,0.925602172,0.2277592916,4.235172369,0.4125198848
I_061,C_23,B_1139,0.3208322713,27.29431655,67.04397251,0.6289541448,1,0.7688961996,0.08628188688,4.071302281,0.7107630928
I_111,C_01,B_0794,0.5118929035,33.3152206,82.1823729,0.4834186265,1,0.687276511,0.3015148725,4.072275433,0.7768795586
I_001,C_08,B_1587,0.5490360441,23.34386228,67.02936606,0.4519775843,0.5997246176,0.6210731428,0.3820859613,4.487717414,0.6339721401
I_061,C_22,B_1583,0.3399506769,20.01807837,71.82002563,0.628251327,0.8336282573,0.7059129288,0.1930318259,3.342110782,0.7971166277
I_037,C_25,B_1672,0.8689249349,38.52455922,94.68403604,0.2016671772,0.65746299,0.7226033574,0.3251896851,4.377027372,0.8940390546
I_051,C_06,B_0524,0.7910881757,30.75031739,88.68479636,0.2384642595,0.5878338634,0.9829462842,0.3780425375,4.73537934,0.7916041351
I_077,C_15,B_0233,0.6975156565,25.05128755,65.28597149,0.3265537348,0.8034546619,0.84931029,0.2571279041,4.460450093,0.628686621
I_058,C_15,B_0645,0.7891774702,25.60936256,72.67328301,0.1671607893,0.8908354271,0.9618751338,0.286207173,4.468585361,0.726590804
I_001,C_18,B_1508,0.6808456202,22.40697282,75.3613505,0.3904936475,0.5939224282,0.8608965448,0.286332541,4.206381392,0.9016253576
I_052,C_23,B_0534,0.5093981498,28.42839484,63.77287715,0.5086418986,0.7029247088,0.6908564213,0.01686265188,4.263395461,0.6217245325
I_090,C_09,B_1942,0.6218126593,28.70311391,78.15335334,0.3949407821,0.670902335,1,0.236392405,4.519082475,0.9719150796
I_119,C_14,B_0604,0.6298665339,28.13249332,96.50843813,0.3944113022,0.6929331286,0.4600195045,0.2600369623,4.20559616,0.8788303689
I_069,C_20,B_1330,0.3531273933,26.15050103,72.2472721,0.6422197808,0.6930526141,0.6341753967,0.1199966147,4.622459431,0.6858351139
I_006,C_05,B_1075,0.3532242781,26.34939855,84.30793136,0.6552391398,0.7150411478,0.5047818568,0.2100514897,4.547948629,0.4103891432
I_010,C_20,B_1305,0.98,33.19400989,93.79056865,0.1176900784,0.836758863,0.9732414091,0.5305908987,4.392616989,0.932305802
I_018,C_03,B_0061,0.8062462651,30.6195329,74.66920194,0.3104914653,1,0.9031130677,0.4566259367,4.692613702,0.6525394456
I_094,C_13,B_1264,0.4892948097,20.60016338,75.8477321,0.4681917263,0.8565243726,0.8444580654,0.2092309225,3.382099349,0.750825743
I_063,C_11,B_0093,0.6522446512,27.85458347,80.14540588,0.2186674687,0.6448214112,0.7917733345,0.1914926113,3.661301616,0.471609742
I_033,C_09,B_0667,0.6497482405,31.31902914,86.52130983,0.3731398714,1,0.7372229302,0.3134160932,4.457953321,0.735351699
I_019,C_09,B_0281,0.3,18.950902,72.90869316,0.6900334192,0.8830957718,0.625522297,0.3416905033,3.970917957,0.7525011168
I_022,C_09,B_1114,0.5067085247,29.27467721,93.13567731,0.4279641746,0.7475210361,0.8841703383,0.3087096482,3.713255198,0.8892540486
I_080,C_08,B_0360,0.5281734884,16.12365105,49.9840014,0.5188534712,0.7824645924,0.4280754116,0.4866202338,4.067028279,0.7218523851
I_073,C_17,B_1129,0.4199979394,26.7456576,76.68630442,0.596344723,0.7423623304,0.6769122475,0.1076481856,4.234585852,0.6263158403
I_107,C_22,B_1170,0.5232236943,26.15513008,78.86024176,0.4162896703,0.7146525741,0.7918997481,0.2473658879,3.778622393,0.6325772494
I_072,C_02,B_0848,0.6931723165,32.63201089,77.41003039,0.2456013538,0.5372347512,0.6726332902,0.3133658287,3.646698715,0.9160874594
I_115,C_01,B_1522,0.5238785442,23.58322888,95.33727552,0.5466543325,0.8284177548,0.8282511734,0.05258637174,3.66525878,0.6633960916
I_080,C_13,B_0111,0.4418663679,19.83944084,83.54118781,0.528886818,0.754167843,0.5869527777,0.1851024406,3.988906555,0.7276165201
I_080,C_02,B_0043,0.6372728629,22.9533582,73.51983788,0.4610539585,0.7728689122,0.7185912774,0.1082514526,3.780801606,0.5397609354
I_089,C_01,B_0126,0.4648365443,19.9229468,75.70124486,0.5783074471,0.925173969,0.5835079735,0.3131229245,4.708626852,0.7014008388
I_115,C_15,B_0205,0.601473033,21.50593657,86.84964808,0.3801578782,0.7026704065,0.9506089012,0.3871910659,4.413009176,0.8537013857
I_064,C_15,B_0053,0.5627606399,33.76986201,74.43985843,0.4528704918,0.7578692059,0.4840204374,0.2275781586,5,0.66309602
I_108,C_20,B_0546,0.6028543613,32.83249104,91.59129708,0.4031586604,0.6165765129,0.9250818575,0.351577469,4.116789861,0.7229622781
I_053,C_13,B_0069,0.5299787919,28.86470902,87.17058651,0.4534289544,0.8968279966,0.7690478878,0.2745393388,3.897640223,1
I_107,C_03,B_1741,0.3699971039,30.28444429,94.83547857,0.5929075292,0.5562528278,0.8434963051,0.05192967225,4.164330926,0.3376405323
I_091,C_21,B_1548,0.98,28.96555853,83.55367484,0.02,0.5605978771,0.9780257269,0.2111864916,4.731719448,0.7372198916
I_051,C_22,B_0184,0.98,30.04785029,99.72172774,0.069136348,0.7686260767,1,0.230574472,4.419083725,0.8309326595
I_008,C_05,B_0138,0.7213834629,21.64900348,89.70169653,0.2151517998,0.9981943621,1,0.379707546,4.36737716,0.8905454749
I_074,C_20,B_0900,0.6087432476,21.04263677,72.13542169,0.4131113866,0.6613751383,0.7808621346,0.1860137761,3.700993193,0.6248443193
I_074,C_17,B_0797,0.406349685,23.04203685,52.37873106,0.6758265154,0.6859430781,0.70118665,0,3.795311518,0.33398806
I_088,C_21,B_0133,0.6232632397,22.45823028,89.68071333,0.353534252,0.6292604974,0.6610734475,0.3740185364,4.256935492,0.7308118709
I_081,C_03,B_0081,0.496536108,23.2081984,77.01952259,0.4969186076,0.9274214249,0.868639703,0.2627754204,4.089280251,0.7997017446
I_108,C_15,B_1987,0.7247820102,27.24538988,67.40795567,0.2930619934,0.7521277691,0.7407937532,0.4793637353,4.781511809,0.5884595663
I_075,C_02,B_1541,0.3,24.03070362,56.85187257,0.6850529364,0.751686811,0.842285978,0.08894777015,3.726680961,0.6196556342
I_097,C_19,B_0542,0.7266355454,23.34075459,66.7567126,0.2927316514,0.8344114009,1,0.176796993,4.513955783,0.8392517994
I_016,C_06,B_1669,0.6329788069,34.62120691,97.54750866,0.4042413655,0.6276105662,0.710466034,0.3586297077,4.102844353,0.7068698018
I_102,C_14,B_0984,0.6950060046,25.45266548,84.74946711,0.2988142744,1,0.898506784,0.4452799712,4.425694308,0.7096220757
I_099,C_03,B_0166,0.6227341439,20.77550263,79.87827025,0.4037480011,0.9246982014,0.8821057387,0.2360738692,4.814709554,0.9348718939
I_059,C_24,B_0249,0.377030236,33.95695406,81.6699624,0.7,0.7955526105,0.7912619357,0.1110203078,4.096352884,0.6486726507
I_105,C_15,B_0447,0.7392364726,31.32416454,85.59864243,0.2605514263,0.7355580244,0.6273650804,0.4422638646,4.206839231,0.8152072238
I_054,C_19,B_1515,0.6153597209,17.80951484,59.18621618,0.4373452643,0.878856138,0.853012556,0.4182417884,3.94006226,0.7829099182
I_025,C_03,B_0859,0.8221784008,32.43056296,83.80645164,0.1205362098,0.8096953209,0.8586782966,0.4903161562,4.633820618,0.7101676733
I_083,C_09,B_1212,0.3854043454,30.53408504,88.27705932,0.5753008723,0.6512025579,0.4238265684,0.2339413388,4.007705307,0.8230559506
I_074,C_08,B_0098,0.3391200354,21.03093886,75.2633511,0.7,0.773862265,0.6243828953,0.1399890943,3.31496065,0.548084392
I_039,C_16,B_1974,0.5904090343,23.62962747,60.01792384,0.3667491187,0.6262130129,1,0.2707520603,4.045937057,0.7340045731
I_099,C_24,B_0738,0.7841593445,40,79.62944671,0.2617783435,0.8897986111,0.6872308415,0.3590405938,4.58814824,0.5839132421
I_084,C_15,B_1256,0.6822347294,23.50611526,77.3224737,0.355447079,0.7302740265,0.709892307,0.2972287935,4.88889338,0.5734691364
I_048,C_05,B_0103,0.4314556259,28.06359317,83.91865345,0.5916209909,0.621314959,0.7746625311,0.2879490276,4.333281963,0.6909262415
I_035,C_06,B_0435,0.5498298818,26.65916058,72.38289029,0.3877748219,0.4404721779,0.6869630893,0.2376966525,4.374595222,0.7371719662
I_071,C_14,B_0075,0.6494473564,27.867805,80.19389932,0.179262876,1,0.7072498923,0.2609794407,4.642902346,0.9933729718
I_107,C_19,B_1792,0.704322562,26.17460736,75.10229182,0.2745338212,0.9418211998,1,0.3706490707,3.73279026,0.903801498
I_004,C_18,B_1235,0.4318070137,19.66947084,83.63269611,0.5797713048,0.7520240926,0.644744337,0.1778140797,3.969242674,0.6943282475
I_101,C_02,B_0919,0.4726847096,24.89897595,81.66415994,0.4640555368,0.8036397445,0.4431656945,0.3465279543,3.923504136,0.5237314577
I_053,C_18,B_1712,0.4921039858,27.37501046,76.70893735,0.3948443684,0.7523198131,0.7557450676,0.2774714003,4.17695965,0.5800452487
I_116,C_05,B_1671,0.6728280922,26.92450187,75.73038285,0.2496148339,0.6867121678,0.8481037805,0.2670712031,4.448826249,0.8847678222
I_004,C_09,B_1621,0.6013160731,21.65480889,83.75853371,0.3901117257,0.8766367428,0.6440544466,0.2416388979,4.508464149,0.6082020905
I_052,C_15,B_0763,0.6136840481,35.79820508,86.085099,0.3460314522,0.8028137657,0.6218450019,0.1843922489,3.629323182,0.6882412786
I_037,C_20,B_0990,0.98,38.72963887,98.74883574,0.03874126705,0.8175486428,1,0.3997006075,4.856658172,0.8398524495
I_061,C_04,B_0389,0.3,14.173645,67.94835586,0.6948054858,0.6765775659,0.6725292302,0.2040307842,4.2419207,0.6249533887
I_103,C_20,B_0236,0.8000843161,28.26913087,95.35845299,0.2067690456,1,0.5903442083,0.2640296818,4.932530344,0.7179917116
I_023,C_21,B_1507,0.592977176,17.91966097,75.79211476,0.4183457078,0.9271535369,1,0.1086041485,4.264174615,0.7128733599
I_056,C_21,B_0268,0.6471765203,33.55058226,76.52920004,0.3955028786,1,0.9016850949,0.2977098542,3.697584319,0.8126867149
I_086,C_14,B_1188,0.4429078416,23.6606785,78.41956028,0.5638525027,1,0.5481270041,0.1257869527,3.71634182,0.8581547992
I_089,C_13,B_0118,0.4867659498,19.4790007,71.91567054,0.5358998195,0.6455653104,0.6970689005,0.002996560726,3.439239129,0.6100898148
I_001,C_05,B_1607,0.4747984894,37.25291177,90.40512405,0.5200676522,0.7095325893,0.6050706715,0.3701482157,3.735889912,0.6510083263
I_065,C_21,B_0674,0.6550462993,22.57112577,72.69541226,0.3550417531,0.6236629707,0.6568976311,0.310520809,4.762608158,0.7076519107
I_118,C_12,B_0250,0.9760473242,38.11029272,69.32246751,0.08422055439,1,1,0.1455829866,5,1
I_115,C_20,B_1453,0.488493415,18.25991355,65.23456684,0.6482354304,0.7199645695,0.7734063302,0.2179694915,4.112522126,0.8472838857
I_065,C_18,B_1995,0.6458394322,26.94867636,88.07336807,0.2647909267,0.4961663565,0.8197610822,0.3408094422,4.277291471,0.8202176087
I_090,C_24,B_0095,0.7024973497,34.32627993,83.47233383,0.304079406,0.810871961,0.684592656,0.2600034309,4.33334668,1
I_022,C_08,B_0034,0.483820877,27.12493665,74.58342485,0.4626664862,0.8877941131,0.61594,0.2219150783,4.225557619,0.647781295
I_104,C_23,B_1464,0.3313557709,21.64804341,85.56339498,0.6243197796,0.6847055953,0.7153557069,0.3028904184,4.262862092,1
I_107,C_04,B_1668,0.6183916864,27.70932172,78.53500077,0.3752374509,0.5919656885,0.9041383513,0.374932971,4.553848337,0.6425875718
I_024,C_03,B_0449,0.8693436036,25.30541298,92.71369719,0.1116177107,0.7971941418,0.8499608251,0.3396329173,3.927579005,0.6107317611
I_064,C_20,B_0717,0.6503359703,28.08558807,59.77778161,0.2982911951,0.5653174705,0.8124483655,0.3112953153,3.82737135,0.6384770851
I_054,C_21,B_1810,0.511339571,31.24716941,78.83864387,0.4882193557,0.7167626845,0.5074532137,0.3033780966,4.721506154,1
I_001,C_21,B_1518,0.7142373169,31.67004492,71.80915434,0.2174235965,0.8264112999,0.904173341,0.2704080441,3.963210923,0.7787981981
I_103,C_24,B_0001,0.7074477059,34.68674148,77.53398195,0.296345375,1,0.7935542526,0.5476425111,4.272878313,0.712786046
I_014,C_04,B_1376,0.7553887827,28.99698332,81.96642489,0.2197844752,0.9383353101,1,0.1419509131,4.23329531,0.719953153
I_093,C_09,B_1102,0.6244093967,33.15264974,74.48865602,0.4459978651,0.8249713776,0.5332645982,0.5157490583,4.401085314,0.5636139322
I_005,C_17,B_1109,0.83883505,34.26071724,72.48451634,0.08534833564,1,1,0.6411111441,4.158164228,1
I_033,C_21,B_1227,0.6522097494,27.81579437,77.17142633,0.3617484591,0.914579862,0.8444093895,0.3260472843,4.428262029,0.7795377278
I_050,C_03,B_0083,0.3052420942,19.79142444,76.08812776,0.7,0.728257326,0.4732296497,0.05164645567,3.466261699,0.6129037731
I_047,C_04,B_1289,0.6649647402,24.96034575,86.3200816,0.2926337216,0.8004946103,0.7265763001,0.4127405455,4.449808158,0.7028045065
I_074,C_05,B_0677,0.3,26.36772976,64.38864605,0.7,0.6618388752,0.5501740707,0,4.091644547,0.6722164833
I_094,C_16,B_1921,0.5645228632,29.45463533,65.22552561,0.3793923616,0.7405090075,0.9304345828,0.2806879237,4.481826559,0.6334565691
I_030,C_07,B_1047,0.6058079966,24.17872987,71.12901155,0.3489055177,1,0.7744566443,0.2906924486,4.101008834,0.6432307361
I_025,C_17,B_0771,0.9520655289,31.16144049,70.45106238,0.02,0.7980298821,0.5334893069,0.3339883639,3.745390875,0.8542943285
I_015,C_09,B_1947,0.6781857977,33.39954172,81.35932885,0.3808777539,0.9993129954,0.7974669723,0.3128913562,4.229929785,0.7569449444
I_118,C_10,B_1281,0.8381405075,34.45389165,64.26559082,0.101304118,0.6845342512,1,0.4208297357,4.123939686,0.9494044298
I_092,C_21,B_1581,0.4268095567,29.41620556,73.16507754,0.5755347394,0.9466444815,0.5528000276,0.2345456636,4.128478344,0.7691173907
I_068,C_07,B_1489,0.441883322,30.87006452,68.70326317,0.5160975943,0.6646683615,0.743612459,0.1553682232,4.442966528,0.5324197864
I_048,C_03,B_0405,0.5801802119,20.94598285,85.31992021,0.308078669,0.6929374779,0.8158945312,0.3510851079,4.192104275,0.431908976
I_114,C_02,B_1728,0.6039054344,31.39051928,72.07260466,0.4484462923,0.8810965891,0.8034362069,0.2635205715,4.680501446,0.8821192802
I_107,C_07,B_1299,0.7008297436,32.92221505,71.10055233,0.2961891639,0.8535990813,0.8397049261,0.2340987968,4.669857587,0.7142069547
I_076,C_21,B_1341,0.5517142774,19.90408268,57.5516222,0.4444498682,0.7654111422,0.6814235152,0.3103953924,3.798659062,0.6499445026
I_072,C_13,B_0105,0.6108534489,29.91273832,71.32747305,0.344096521,0.9481282986,0.8432526759,0.1417486309,4.364242572,0.8225160148
I_087,C_14,B_0689,0.9233885066,28.56915689,67.34265363,0.03880446135,0.7464112636,0.9737292744,0.4561379519,4.48031328,0.8503366046
I_005,C_04,B_1306,0.786382919,35.65308227,81.28399687,0.2481510952,0.9323367228,0.8981206177,0.3406387695,3.60882612,0.9173774618
I_036,C_04,B_0827,0.3682259797,13.81813158,76.40782464,0.6269307785,0.6865443711,0.6407778242,0.1929338636,4.132140772,0.5358264244
I_089,C_18,B_0063,0.5860204744,32.33670684,81.17919865,0.4399146228,0.6686386763,0.4207805313,0.3031098599,3.694582007,0.4191173945
I_003,C_06,B_0853,0.9247433078,31.4761137,73.02834409,0.1060654965,0.9596124403,0.650854596,0.3570330821,4.33888712,1
I_101,C_03,B_1354,0.4608156778,22.57312752,66.84086956,0.5552163111,0.4607778129,0.7457709772,0.3034013704,3.811041489,0.5834669816
I_092,C_14,B_0224,0.7380243338,27.1600831,84.52745013,0.221466576,0.9802972365,0.5940571726,0.0108696556,4.778329088,0.6349297968
I_028,C_11,B_0146,0.5545664796,22.43743678,54.18970151,0.3564463717,0.6961147228,0.543555873,0.2832358876,3.983707435,0.7221675436
I_075,C_17,B_1089,0.3,22.82595264,75.96940139,0.7,0.6719405778,0.7616799649,0.2065881274,4.694899741,0.6033761496
I_104,C_10,B_0374,0.5541657344,15.92942296,89.33474607,0.4554899972,0.7104887524,0.7802880212,0.2552303053,3.974270978,0.6121687167
I_027,C_13,B_1421,0.4891548332,32.76565558,91.26256419,0.5806768611,0.8808632658,0.6389388071,0.2426517568,3.916248784,0.5725231965
I_001,C_08,B_1143,0.5453573769,19.1897876,90.58786153,0.507007896,0.733657848,0.7452069915,0,4.602514925,0.6557610733
I_081,C_04,B_1827,0.8109065519,21.96685046,78.54289155,0.1593220194,0.695452107,0.9260730777,0.2030841952,4.089811113,0.5435859076
I_113,C_20,B_1495,0.3,25.88438639,69.52051267,0.6855243388,0.3971098454,0.6705661826,0.2381726591,3.053045638,0.5413165204
I_030,C_23,B_1602,0.614846181,34.65831298,80.78170788,0.3873574602,0.9258960358,0.542512178,0.259591515,4.51509832,0.8130737909
I_079,C_22,B_1271,0.7064271107,25.5594114,89.62718832,0.2711470997,0.5866276847,0.7085888816,0.246058966,4.233990419,0.7715686988
I_083,C_14,B_0010,0.5054780407,28.25512877,67.815708,0.5221611521,0.7867648927,0.5096114352,0.1541612008,4.093027016,0.7977826416
I_093,C_08,B_0450,0.6324478492,30.3957248,72.46741513,0.370471698,0.6664139458,1,0.358147724,5,0.7710352891
I_036,C_13,B_0709,0.5304513592,20.9786495,81.43824393,0.4131536862,0.5485593101,0.8190037949,0.1865820815,4.229291616,0.4950430037
I_113,C_14,B_0256,0.4515069494,20.29924462,66.97771308,0.5079547525,0.6254044922,0.5845060851,0,3.582466188,0.5464276434
I_018,C_25,B_0883,0.7973133346,27.83910297,99.04867393,0.1460411271,0.7827552791,1,0.4913799212,4.553619706,0.9415925241
I_041,C_13,B_0390,0.4936412487,26.14480246,94.20204768,0.6245823118,0.8680886819,0.7684000086,0.2702196375,4.097994961,0.5578710971
I_008,C_22,B_0909,0.5075984347,26.66588591,83.66110502,0.4873917023,0.6772374396,0.6557005864,0.1484078659,4.645499069,0.6032469675
I_063,C_13,B_0925,0.7852168634,29.9468176,79.28256772,0.212759731,0.7172394911,0.8791327676,0.158977489,3.915329294,0.487393506
I_012,C_01,B_1704,0.6947943883,16.17092514,75.52237518,0.3039972014,0.8745689383,0.7605731879,0.1047565186,4.575210526,0.6522191376
I_119,C_09,B_1233,0.5208222417,17.85678268,61.33044091,0.4934130872,0.8526113844,0.5992452762,0.2015870478,4.080451243,0.5184471075
I_032,C_05,B_0461,0.31447159,28.18465055,91.96871351,0.7,0.9567509888,0.6122513477,0.4423339167,4.39358344,0.7475924625
I_066,C_03,B_1270,0.8415740073,26.34714206,92.32021199,0.09555383027,0.7076652767,0.6201966355,0.1659942602,4.142522376,0.7539359424
I_017,C_03,B_1760,0.717810631,25.21038835,81.15639741,0.2686803685,0.5664890607,0.3516459985,0.1509379067,4.726791087,0.5713602836
I_110,C_05,B_1169,0.5328595168,30.89211909,75.42777364,0.4348476932,1,0.5128455796,0.2781829009,4.443770065,0.6339244138
I_049,C_14,B_0959,0.7549930432,25.52619021,75.69952283,0.2357106809,0.7997304749,0.7807701204,0.2132800163,3.803820257,0.9332620371
I_060,C_20,B_0502,0.3805447376,37.73038035,81.24642996,0.7,0.9427744122,0.8331629147,0.3349426193,4.091493377,0.4847477719
I_030,C_10,B_0740,0.8667261263,25.02361691,78.5110685,0.1747438169,0.8926074342,0.9450858325,0.2685451819,4.540004671,0.9783687935
I_114,C_03,B_1850,0.7585265407,30.47721271,78.99254974,0.2499781698,0.8476139129,0.6141126405,0.3678239847,4.804298008,0.761920898
I_045,C_02,B_0869,0.5190381879,30.74743639,61.40902002,0.4182138436,0.6827482106,0.7532274697,0.1622157468,4.435884741,0.594706699
I_012,C_07,B_0732,0.5627778792,18.65506988,68.11606277,0.3774655982,0.6642133665,0.8235495548,0.2056144644,3.81067924,0.7547999336
I_060,C_01,B_0540,0.7480713716,40,74.91165202,0.3098920553,0.585186019,0.638825899,0.1834433667,4.113211908,0.6987614001
I_111,C_21,B_1202,0.6230903476,31.58020794,71.66528522,0.3850533551,0.5841521509,0.8973002754,0.3113650965,3.957187534,0.7271848643
I_115,C_16,B_0698,0.6603113985,16.13229571,79.36871188,0.2829960265,0.9263476246,1,0.09427336386,4.320467602,0.6252727068
I_104,C_01,B_1393,0.4907262806,32.65237166,70.01998523,0.466360821,0.8559973182,0.7954487817,0.2939413067,3.885050529,0.9518450007
I_032,C_19,B_1377,0.4093195801,32.67377457,78.64035383,0.5395772351,0.8894770546,0.5532533806,0.2754758661,4.049108863,0.7717945936
I_099,C_11,B_1146,0.5977655429,28.49424783,77.55639314,0.3874046222,0.8051048417,0.5585741715,0.3311642673,3.708838399,0.8936877463
I_079,C_03,B_1032,0.6471251296,28.4836227,64.93202095,0.3224159997,0.7387409015,0.6527131378,0.1300114393,4.32290951,0.7468147017
I_038,C_09,B_0373,0.3,20.82602389,56.21463363,0.7,0.675551679,0.8318552989,0.2520597296,4.753745137,0.4418210786
I_061,C_03,B_0668,0.3748825891,21.65505267,80.63717371,0.7,0.7454019313,0.6683297471,0.1846940106,4.693965412,0.7515887803
I_047,C_10,B_1526,0.5901015504,24.78283644,66.34151085,0.4894565034,0.4228264084,0.7861459224,0.1847771601,4.130632649,0.8698532685
I_019,C_18,B_0358,0.5284875092,14.66734797,78.85925043,0.4741264399,0.6597423311,0.804246642,0.2028770612,3.411811751,0.6280424063
I_049,C_21,B_0968,0.6096179383,32.0872965,92.01506195,0.4178336585,0.8226299783,0.687692093,0.1132594103,4.559906286,0.73560959
I_039,C_10,B_0784,0.611385487,25.15920947,74.19733488,0.3749914639,0.4654847211,1,0.2237996679,3.985956039,0.7809155666
I_023,C_13,B_0736,0.4762102744,25.05105001,64.38758725,0.6059845619,0.689018132,0.5574998733,0.1598579316,3.590657518,0.8069309743
I_066,C_19,B_1036,0.6268296087,26.56602095,88.67252623,0.421561911,0.858816894,0.6470523597,0.408439848,4.904274883,0.7141717678
I_098,C_02,B_0971,0.5933607021,32.1027293,81.05026945,0.4326826382,0.9334366522,0.8163071012,0.2421287572,3.987052176,0.5313609873
I_021,C_04,B_1525,0.5935962115,30.9905631,90.38150494,0.3750626306,0.7323303953,0.7849683403,0.2432944312,4.348913234,0.4913149726
I_100,C_18,B_1487,0.4189952372,29.21690616,77.84156619,0.6750254055,0.9003841868,0.7822888865,0.2394899269,4.326310696,0.7696244689
I_015,C_21,B_1524,0.6902846834,27.05003252,61.64950681,0.3061942117,1,0.9731648564,0.2833195215,4.221185888,0.7248662308
I_120,C_15,B_1491,0.5456083936,22.42959291,81.41771507,0.4982766748,0.7077419254,0.8439875598,0.1144778268,4.839059879,0.6346212731
I_065,C_01,B_1643,0.5954919116,22.19124969,75.3497973,0.3320340779,0.6683101259,0.4870631272,0.2531499216,4.148768956,0.6137533192
I_095,C_18,B_1253,0.3,20.10872541,85.75585801,0.7,0.7872587838,0.6930168895,0.1970000135,3.561055158,0.6872697652
I_001,C_09,B_1694,0.5870097345,31.69437209,78.96171038,0.4731291769,0.6336233285,0.6998644428,0.1590467003,3.814765678,0.5262548382
I_037,C_21,B_1750,0.8818173737,25.80441333,88.53885232,0.1770476044,1,0.7749494659,0.36931102,4.968237689,1
I_075,C_13,B_1237,0.3,15.43317221,76.39343887,0.6729411466,1,0.5476841741,0.1268798913,3.977704196,0.6875492285
I_049,C_12,B_0886,0.6121729428,36.62006413,90.84595058,0.3913392516,0.6991207532,0.5809548923,0.2458301677,4.786742427,0.386702635
I_078,C_24,B_0080,0.521803256,24.24100384,67.17861941,0.3794901752,0.6342778203,0.6765512174,0.2796109297,4.516275753,0.7577836288
I_018,C_06,B_1173,0.8463305512,34.53028285,100,0.1132371909,1,0.8483149886,0.2678062754,4.805035998,0.9329800453
I_083,C_18,B_0815,0.349473878,22.00926683,64.1865075,0.6427686582,0.8788799576,0.7662870827,0.3424379242,3.998161001,0.7112789347
I_020,C_05,B_1286,0.763499752,26.6012526,76.93319238,0.2256054126,0.9446218131,0.8503055361,0.1266794819,3.707254127,0.9676695071
I_012,C_02,B_0672,0.5828617907,27.06830673,90.45720249,0.3923872061,0.6267482164,0.9942489038,0.3069051225,3.984795991,0.8038167568
I_057,C_17,B_1532,0.5417114623,24.37265622,82.84874445,0.4732394105,0.9388406561,0.7406410085,0.3537630066,4.356704369,0.7802437993
I_021,C_20,B_0058,0.7833674276,25.45168873,75.81670801,0.2097000538,1,0.5937363121,0.3921114359,3.731477394,0.8224536198
I_063,C_10,B_0134,0.5503205188,12.19797314,75.80764875,0.5621499923,0.610777496,0.3810216614,0.1020765914,4.204466346,0.5964094056
I_026,C_08,B_1141,0.6240359139,30.79681607,85.6840781,0.4693106325,0.7533768083,0.707935785,0.349011344,4.617703943,0.7132625743
I_029,C_03,B_0934,0.636894898,17.43874986,69.79065955,0.3091072649,0.6177185241,0.8870943008,0.3313334745,4.377607835,0.6092183958
I_085,C_06,B_1685,0.6592400815,14.49335208,71.50532313,0.343987839,1,1,0.2069389282,3.62634188,0.7029122743
I_089,C_24,B_0824,0.3,25.32910702,76.91329413,0.7,0.9024976569,0.6552838561,0.2736010478,4.360396146,0.387042421
I_101,C_14,B_1215,0.3,26.74819726,77.40767904,0.7,0.6991648643,0.9179258725,0.1617105699,3.74448938,0.6987258373
I_036,C_12,B_0505,0.4337383034,22.77492677,76.12684896,0.5542281188,0.4964273957,0.8441871557,0,3.827569767,0.7041795198
I_040,C_08,B_1775,0.713609417,29.09659684,72.82862405,0.2689631845,0.807382823,0.6705672084,0.3206166704,4.103108817,0.6087022736
I_001,C_17,B_0348,0.5825274273,25.3945323,66.88130747,0.422807678,0.5926748823,0.6722207371,0.0790389128,3.526485,0.9440641337
I_035,C_23,B_0387,0.7446977302,28.89442973,73.3016819,0.3121813207,0.8096987769,0.6559087546,0.2239007708,4.284944471,0.6475299478
I_094,C_18,B_1025,0.4495530892,26.91891061,82.06087307,0.5321232484,0.924482075,0.4705506498,0.2053085333,4.183573485,0.9383877817
I_016,C_23,B_0895,0.5870499984,28.90757211,83.70932809,0.4546423867,0.676406567,0.642328232,0.3390786678,4.1400759,0.8942265959
I_031,C_10,B_0829,0.7556061175,27.82063003,65.78208721,0.2657213014,0.7262795164,0.7494649895,0.2675771801,4.488041428,0.5438137914
I_105,C_12,B_1893,0.8793083258,32.52128836,78.59033611,0.1415562708,0.9018310171,0.8521099164,0.2891733251,4.720288938,0.8304185722
I_032,C_25,B_0476,0.6251621166,23.25437601,77.82902576,0.384163274,0.537240864,0.7083182057,0.2436983049,4.097554044,0.9143781859
I_046,C_10,B_1471,0.576859168,26.83217459,87.86512805,0.4637108356,1,0.7389204735,0.2460237506,3.25860286,0.9090676605
I_076,C_09,B_1448,0.5450387474,17.428797,62.57577654,0.5391666225,1,0.741120244,0.2145540705,3.684306162,0.4786931085
I_063,C_15,B_1582,0.5223222663,30.52312504,81.87628711,0.4625726482,0.7399950002,1,0.0528140509,3.674414164,0.917259504
I_024,C_01,B_0653,0.707873906,24.86067968,67.35062937,0.3653973151,0.7452399985,0.6350050615,0.3401440461,4.431923499,1
I_090,C_02,B_0173,0.5628990459,29.42164031,87.76012322,0.4557832882,0.8313437288,0.9580923476,0.2684294325,4.19546531,0.7705399984
I_056,C_24,B_1150,0.6430788471,30.44827781,91.14330474,0.3596543832,0.602962481,0.485927907,0.2147458575,5,0.5067507332
I_059,C_13,B_0039,0.4773317143,30.09226399,77.98869832,0.4552414125,0.7122764577,0.8534841257,0.2009270975,3.434831665,0.8441362834
I_101,C_04,B_0714,0.5143535335,29.62086336,63.04546405,0.3979267133,0.4559914015,0.4409054463,0.3224567382,3.932645901,0.8946135653
I_054,C_25,B_0091,0.6872839385,28.9410805,60.40156366,0.3072818154,0.9495764544,0.9786440585,0.4379142346,4.57708669,0.7441280759
I_098,C_21,B_1937,0.6023148512,31.4845905,63.06410095,0.3827313433,0.8901186869,0.7790310571,0.171253482,4.795033261,0.6738689626
I_034,C_10,B_1206,0.6619285733,20.17940973,83.04225607,0.3688610941,0.68252033,0.6711835628,0.3596777214,4.46343803,0.6110810716
I_075,C_05,B_0876,0.3,19.01454149,83.4632486,0.652718419,0.6556641243,0.6647493756,0.305532968,3.014004045,0.6859835565
I_011,C_04,B_1352,0.6596327416,27.92948335,77.94887559,0.3084221929,0.7376666468,0.917570859,0.2181486577,4.464763742,0.8594674971
I_015,C_13,B_1890,0.76858672,28.15941289,69.04374527,0.3108218927,0.9650294388,1,0.33920761,5,0.8616060234
I_104,C_21,B_1094,0.3956874147,16.2922885,79.53144049,0.5804717461,0.9148584696,0.5974643695,0.2546566674,4.163772108,0.878378465
I_078,C_21,B_1156,0.6227935313,20.55778362,95.33673357,0.4054692548,0.4702462748,0.8045420516,0.2048769744,3.960220395,0.6628683957
I_045,C_08,B_1782,0.4265767437,20.4035288,86.96390393,0.5596258433,0.9251511163,0.9608772354,0.1151439483,3.586661479,0.8734066276
I_042,C_19,B_1959,0.8151891861,31.31138556,75.97684251,0.2332512046,0.7333905715,0.7270249774,0.185115905,3.927935781,0.471420092
I_024,C_01,B_0500,0.6594555104,31.62395316,69.17205641,0.4197737528,0.7974487042,1,0.1340236079,4.480460175,0.6712267648
I_099,C_06,B_0339,0.5569855075,26.50588194,72.02957084,0.4008424387,0.7482174045,0.9131789317,0.3232241909,3.98707569,1
I_090,C_09,B_1189,0.6366704282,26.57055365,87.18918589,0.3570414563,0.6545047157,0.7005843916,0.08518641647,4.224459316,0.5979073024
I_060,C_02,B_0029,0.8452534623,26.19725679,69.65996845,0.1755732709,0.711459029,0.3517348316,0.3448593556,4.130256747,0.7710144693
I_026,C_22,B_1218,0.6533646905,22.5494282,72.92850058,0.4540102128,0.6155551794,0.701057739,0.1760953113,3.448928622,0.6502236998
I_067,C_15,B_1400,0.5807303998,29.3375419,64.06685476,0.3793002894,0.8816644154,0.578737555,0.3068212524,3.48064584,0.9454999275
I_111,C_21,B_1821,0.6396169677,29.28427073,84.50363338,0.3439980028,0.6931345313,0.7591730813,0.1531281838,4.126763068,0.7817161414
I_056,C_05,B_0946,0.6367702637,25.30206145,95.48888923,0.4283596269,0.6492465029,0.9335369881,0.2777235604,4.154642831,0.8398257682
I_003,C_07,B_0170,0.6348160924,28.60000421,74.96244388,0.3392655412,0.8043264099,0.8961573385,0.1300706775,4.139968456,0.6623268775
I_064,C_07,B_1405,0.5467280601,22.14745909,75.57515857,0.4829021288,0.889826593,0.6929891085,0.2015408332,4.442070039,0.9034927977
I_067,C_08,B_1198,0.3958580869,24.46026979,67.10143856,0.6230144986,0.6510807886,0.5847382875,0.2553748929,4.213006869,0.6503922372
I_006,C_02,B_1254,0.4366433288,26.73484112,77.1175129,0.5237914974,0.708308205,0.9093356738,0.213801622,5,0.8632005559
I_092,C_24,B_1614,0.7808526059,24.19646428,77.08303595,0.1767221975,0.8915186994,0.6590853098,0.1791814971,4.208686843,0.7347095444
I_008,C_01,B_0913,0.7159235228,25.95227252,69.13200898,0.2388362472,0.757367532,0.6522241838,0.3226824641,4.612654364,0.9982259663
I_039,C_03,B_0492,0.4332992524,32.71743988,77.34236572,0.519495793,0.5322486499,0.9698489452,0.2257491823,4.235546069,0.6937621538
I_118,C_18,B_0954,0.8304222393,27.54307007,97.47244877,0.2210279227,0.8101513638,0.9032534813,0.2091003864,4.579687402,0.6719053463
I_067,C_16,B_1098,0.3232221951,19.5948901,78.06040834,0.628813967,0.8271440319,0.4964699618,0.07903152957,3.367286395,0.6699095704
I_101,C_21,B_1033,0.4437870641,32.70505292,84.03146121,0.5739034452,0.8640080997,0.5461463757,0.15917256,3.833288385,0.7693191601
I_096,C_18,B_0588,0.5588656433,23.3240451,49.88096737,0.5092059913,0.8751913177,0.8925184615,0.4634650739,4.42759602,0.4982174846
I_049,C_24,B_0751,0.6581068805,33.34201065,76.83266719,0.3453357484,0.7400260591,0.7632833644,0.2913876392,4.643413241,0.7851121359
I_092,C_06,B_0658,0.473087243,30.33193305,73.88341594,0.5704393537,0.8198011137,0.4653229288,0.2161851359,3.813673537,0.8590720301
I_003,C_05,B_0235,0.6863031256,38.85356079,83.56436726,0.2832013594,0.5262305069,0.7662539634,0.2317691443,3.555687574,0.9215457692
I_113,C_12,B_0733,0.5363894707,12.04895818,69.14872787,0.4885944447,0.8182206706,0.6594276718,0.2687563855,4.157387293,0.6172780801
I_010,C_18,B_1989,0.98,38.14971607,86.15163327,0.02,0.9444597453,0.9238039969,0.2944564426,4.197681907,0.9678769946
I_034,C_07,B_1633,0.7638018625,24.63168281,87.26918675,0.2806459806,0.4048124449,0.6300378092,0.3161917852,4.123355515,0.5971259034
I_088,C_08,B_1157,0.4844679898,30.39448377,86.08468549,0.5082332386,0.8244332161,0.6840641843,0.1695263317,4.316855907,0.9255821109
I_090,C_22,B_1470,0.6447461659,19.55990292,72.97334321,0.3255725672,0.7715706163,0.669386298,0.305856263,5,0.7877861524
I_086,C_10,B_1425,0.4172712768,20.19427009,65.39345207,0.6096453868,0.8871918852,0.7741418786,0.2689179467,4.054253933,0.729285321
I_032,C_10,B_1628,0.3582443289,25.59202848,69.77439961,0.6573561968,0.6365683951,0.5344647265,0.1475447964,4.230541261,0.6974775278
I_013,C_20,B_0935,0.7219828135,28.66908918,99.69153489,0.2729656275,0.9460308265,0.8698216183,0.2216249084,4.297566727,0.9379104533
I_113,C_18,B_1210,0.4741544612,20.14745757,76.99158134,0.5259201976,0.5651683311,0.7272105448,0.08093700066,3.844933669,0.4673469448
I_010,C_21,B_1066,0.9209289257,35.79539149,90.80942077,0.04971117704,0.9753397893,1,0.44543032,4.409232693,0.7823369622
I_040,C_18,B_0109,0.6809705173,27.28054198,77.95615926,0.3199004494,0.8082056831,1,0.2979271368,4.547296854,0.7149701826
I_002,C_14,B_1543,0.6515355014,25.38743985,100,0.3703229687,0.6249757649,1,0.4615400807,4.258722474,0.9192846963
I_063,C_10,B_0569,0.30675061,27.33336883,65.6635219,0.6775912173,0.7291931452,0.8955569639,0.1891246354,3.73157089,1
I_023,C_05,B_1168,0.5082226095,27.59724524,67.25595157,0.5507480211,0.7001772477,0.8074809252,0.3086272059,4.153803495,0.6739042112
I_099,C_16,B_1175,0.625521028,24.93253742,78.73305506,0.3278202237,0.7619110485,0.9635796566,0.291986685,3.950275292,0.7244660765
I_117,C_20,B_0891,0.8051148164,30.72525631,85.34127994,0.203273841,0.9048142317,0.7919492742,0.2749978137,4.422493591,0.7661518253
I_114,C_10,B_0948,0.7928180212,27.02356565,77.71108408,0.1678692926,0.7350315372,0.6384835009,0.4963860962,4.861268576,0.6808793605
I_091,C_20,B_1049,0.98,40,82.49739733,0.02,0.8785931466,0.8760573526,0.4634306868,4.733420757,0.7586292188
I_105,C_14,B_1353,0.98,32.33365093,100,0.05048644891,0.5899601821,0.7735502361,0.1769402444,4.395989157,0.9334669012
I_109,C_14,B_1778,0.5964749187,31.97445566,73.38359159,0.402371056,0.8376365174,0.9215567186,0.1998476011,3.290190116,0.9415313547
I_068,C_06,B_1447,0.517883609,14.41451219,75.15031352,0.540211633,0.8722736942,0.669788216,0.2296862343,4.156534973,0.6711409144
I_105,C_16,B_0885,0.8810870644,32.36940318,91.89259213,0.1604058323,1,0.810097271,0.3490445071,5,1
I_054,C_03,B_1673,0.6494207217,26.50520421,77.47267169,0.3236191043,0.9742429707,0.7432933475,0.2050807358,4.599649702,0.5358392497
I_039,C_21,B_0851,0.5774515864,23.2139953,93.77648743,0.3711897657,0.6478617694,0.7868190178,0.265463975,4.484115187,0.5722527788
I_013,C_07,B_0735,0.8231165663,32.14219212,81.28774288,0.1826823416,0.8265103831,0.8604806487,0.2749384098,4.715566767,0.7984901856
I_099,C_14,B_0718,0.7762923933,24.46485825,73.15756825,0.2661632715,0.8107985743,0.9584720334,0.258874959,4.16894244,0.6956449756
I_099,C_12,B_0455,0.6041670125,40,73.34588033,0.5298930651,0.9625674806,1,0.2993963486,4.488258627,1
I_113,C_07,B_0265,0.4834146957,18.93494221,75.9971295,0.4451757572,0.6798292879,0.7770155744,0.1434610622,4.049537802,0.454393074
I_044,C_05,B_0076,0.4631157191,10.69460797,65.28699365,0.4449768586,0.7553771932,0.7306593997,0.3519653654,3.497562682,0.4882264437
I_111,C_14,B_1658,0.805125563,24.32209478,85.15177943,0.249922206,0.6267812734,0.9138958568,0.2854106757,3.867246625,0.8135460925
I_006,C_08,B_0445,0.3584821163,18.47116528,76.14717289,0.6197831985,0.6458884761,0.8134753137,0.2741183011,3.751923248,0.632295243
I_021,C_12,B_0396,0.8690963876,22.07255105,93.94598226,0.08744983193,0.9154125749,0.799688776,0.1887991875,4.524931688,1
I_027,C_04,B_0177,0.6702823525,29.27210918,63.44573336,0.3696092072,0.715602291,0.5468793653,0.2289203728,4.426447128,0.5803734649
I_038,C_07,B_1043,0.4367037196,26.80612705,70.70245287,0.485785241,0.8633354701,0.6874926397,0.2577937998,3.693503821,0.9155149138
I_025,C_20,B_1736,0.7364658103,28.88706798,73.18448048,0.2678696472,0.8955189741,0.4746876981,0.2379606578,4.60831424,0.9056521575
I_051,C_15,B_1402,0.5667505123,29.01468928,74.36135636,0.447884979,0.8428015663,0.8101976114,0.256547159,4.199536032,1
I_023,C_23,B_1381,0.5465058592,37.30465332,87.66512333,0.4979921828,0.6730326315,0.6248524857,0.2947821102,4.140617206,0.8336415997
I_016,C_08,B_0596,0.6541869831,27.9125141,85.04917758,0.3027333471,0.9841786507,0.9707784606,0.1427951783,4.389019443,0.6766024391
I_004,C_18,B_0062,0.4310563525,23.26354792,68.3738121,0.5563080545,0.8801521675,0.7488722946,0.2382433701,3.571845901,0.7018640366
I_100,C_21,B_1297,0.5282449059,27.21395066,77.34640135,0.4445302764,0.5877380921,0.8285738684,0.3210472327,4.241203887,0.8098231388
I_080,C_22,B_0873,0.5206602969,25.22287605,71.92909855,0.3926248093,0.6282153944,0.9506674848,0.3676650318,4.00098132,0.7679920521
I_005,C_06,B_1490,0.8661105404,35.56719601,89.97408535,0.1039635243,0.8941242087,1,0.203675972,4.223684938,0.8614120493
I_081,C_19,B_1879,0.3674433187,28.30645298,73.32308017,0.5325059572,0.8166950629,0.884115314,0.3506527539,4.105445402,0.6504637442
I_097,C_20,B_0279,0.7269437122,31.86775332,90.328756,0.3035720028,0.9338477587,0.8116381469,0.2951582393,4.016333605,0.8549687188
I_049,C_21,B_0037,0.7550746035,24.69415818,83.22711188,0.23197617,0.9072344015,1,0.2711409941,4.080353325,0.9817537089
I_116,C_13,B_1976,0.518711715,31.06377771,69.32877698,0.6334547597,0.8089088689,0.4341808273,0.3957412433,4.062645548,0.3899578294
I_012,C_14,B_0663,0.583971751,26.39565877,69.53819078,0.3214263837,0.6209161555,0.6933577582,0.359977531,4.759605287,0.6336306366
I_013,C_09,B_1954,0.7741077617,30.23311726,89.64502468,0.2071019609,1,0.8394743967,0.2347847866,5,0.8197679246
I_029,C_25,B_1445,0.3063678532,31.43302102,68.71595649,0.690123466,0.7770815633,0.9833520491,0.1822383256,4.082141484,0.4274201793
I_006,C_25,B_0978,0.3581754881,30.85560853,82.83378988,0.590038273,0.5402937732,0.6407425653,0.2167032173,3.886306045,0.5885954786
I_049,C_21,B_1572,0.4671679771,21.88007408,70.74248501,0.5199855713,0.9831955049,0.7185284108,0.4697736629,3.7226866,0.791275877
I_105,C_17,B_0739,0.9180741831,36.5020279,75.47840478,0.08654665676,0.8876465409,0.6898754421,0.3494558199,4.404385168,1
I_094,C_18,B_0192,0.7644301752,17.27530274,67.64563923,0.2785937808,0.7663290772,0.5446949722,0.2785392922,4.490008919,0.7748027378
I_041,C_14,B_0920,0.7203149039,28.66562525,67.97238216,0.3610409241,0.7941236618,0.5619643587,0.217559284,4.219434224,0.4657733137
I_097,C_14,B_0457,0.4831536965,24.30033298,86.57620594,0.4480142919,0.8267084345,0.7021896487,0.1575356928,4.077584198,0.8395989254
I_040,C_12,B_0676,0.785461449,34.01519135,87.46772662,0.1967628287,0.7045607572,0.7238854183,0.1144409687,3.695820429,0.7685977136
I_078,C_09,B_0761,0.6427851134,30.60089393,81.48271335,0.3523597396,0.6309872955,0.7295407608,0.2091644441,3.896558473,0.7790216529
I_104,C_24,B_1808,0.6013618932,28.90446059,79.34239994,0.3871614537,0.7777600418,0.9112685797,0.2380742084,3.928134491,0.3766527139
I_016,C_25,B_1603,0.661738311,18.61336342,58.8244272,0.4050507722,1,0.7483607125,0.2236623501,4.637060462,0.4107512211
I_062,C_04,B_0729,0.4788691321,30.3136301,88.59819009,0.5312338918,0.8872315541,0.9209293094,0.217925931,4.586876681,0.6559915914
I_030,C_12,B_0413,0.7890053125,33.82944993,87.27706661,0.1921030141,0.9012673147,0.4715836712,0.3259605287,4.343760939,0.9938449315
I_096,C_18,B_1099,0.8582687791,20.80138116,64.43160625,0.02,0.6155781399,0.8446242095,0.1218952828,4.372287007,0.7849532314
I_004,C_19,B_0826,0.3775579831,28.23368897,85.76406979,0.6172408767,0.7625365255,0.7800560828,0.1098395848,4.056810234,0.5853298767
I_007,C_08,B_1640,0.6154867682,39.7638674,89.37542436,0.4713948668,0.87556763,0.7872652917,0.2831784695,4.388136071,0.7569227607
I_047,C_13,B_0617,0.5812539229,20.35403901,74.76054232,0.3194670774,0.8054809492,0.6646682132,0.03898972833,3.556878005,0.7289635035
I_053,C_08,B_0115,0.404345678,22.48958453,68.1162633,0.6366538473,0.8972097033,0.6534233437,0.1617260694,3.821783213,0.7119434941
I_054,C_05,B_0418,0.5698296325,15.56010245,72.77106761,0.4010930468,0.8185567729,0.861710145,0.1053532525,4.151043394,0.7069668564
I_009,C_19,B_1911,0.6889945435,32.5172191,59.50091308,0.4063190037,1,0.716029687,0.2518379638,5,0.8080427889
I_033,C_02,B_0970,0.4371081986,34.01066003,79.93311646,0.6085961211,0.92492306,0.7497626755,0.3449299722,3.632092223,0.690483686
I_067,C_21,B_0605,0.3722111726,24.19959842,67.99238086,0.6520131699,0.9212149759,0.5842761986,0.2684095931,3.460711581,0.5271233507
I_082,C_14,B_1919,0.6587298626,28.46686925,67.80862078,0.4321721813,0.7516492323,0.4682642197,0.346532483,4.496451799,0.9031868853
I_004,C_08,B_0090,0.456768035,16.96190648,74.56169934,0.4363604269,0.9985232513,0.9036761056,0.176442959,3.788747086,0.6527528091
I_061,C_05,B_0849,0.444431668,23.58844961,74.48279875,0.6166768092,1,0.6227098133,0.2869531571,3.367745058,0.6777522199
I_054,C_25,B_1520,0.81429268,39.37056218,87.95452429,0.2387950003,0.699295677,0.6889027593,0.2401365424,4.963715985,0.5944687913
I_093,C_08,B_1918,0.7062730563,23.52473003,73.09820067,0.3160269577,0.7596307311,0.8374094653,0.2916202479,4.490215935,0.9067343984
I_061,C_15,B_0754,0.392714287,17.10759006,54.60054197,0.6030481285,0.6546205727,0.8521959705,0.216446544,3.728267382,0.7381320328
I_025,C_09,B_0499,0.8771888064,36.34450176,77.30301648,0.1027697432,0.6193323948,1,0.2753107324,4.596690485,1
I_044,C_25,B_1277,0.3,12.61375266,56.00982482,0.7,0.4779099725,0.4147269311,0.305631445,3.819550592,0.7923524371
I_035,C_05,B_1326,0.5383763496,31.86814565,87.60857331,0.5253839372,0.9107323223,0.9957291943,0.3013181793,4.824812593,0.7370979014
I_075,C_09,B_0012,0.3,23.57449391,73.79440142,0.6680105555,0.8161327958,0.7532553774,0.0637850492,3.990701238,0.5819193562
I_048,C_18,B_0397,0.7161604637,21.32360906,83.53933087,0.2743827054,0.8282638513,0.9055311152,0.3490858445,4.137889475,0.7820630899
I_090,C_22,B_0285,0.5749805691,36.86448319,89.4665612,0.3712962394,0.9053693634,0.6726801194,0.1674849702,4.186492186,0.6604543373
I_056,C_22,B_1067,0.84921015,40,84.10793298,0.2406403671,0.6717285082,0.6387935789,0.2467058756,4.622510497,0.7659419558
I_017,C_23,B_1192,0.561726668,24.53663054,88.34431732,0.3756420302,0.6532999276,0.7655879995,0.2857424574,4.795709709,0.9080620026
I_058,C_06,B_1745,0.731705271,26.13515887,97.05455516,0.3132546363,0.8124296468,0.9918931024,0.3147139737,4.983878689,0.6546660279
I_090,C_12,B_0691,0.820464944,26.75530272,72.41800448,0.09693254258,0.6767175198,0.601739883,0.2635589117,4.132150941,0.6410777329
I_018,C_20,B_1753,0.98,38.84964841,98.11415043,0.05523830944,1,0.7162670387,0.45666869,5,1
I_008,C_22,B_1876,0.743529497,29.9646525,90.78414177,0.3291737413,1,0.8314096977,0.2136525127,4.765469184,0.7973825559
I_081,C_18,B_0690,0.5316965777,26.54069168,83.58947642,0.4264843811,0.9856622082,0.811074913,0.1486025092,4.167107062,0.9451802344
I_001,C_08,B_0852,0.5654520595,26.11210626,66.46243909,0.4520290392,0.9897262445,0.7839409463,0.2588329529,4.846460601,1
I_044,C_09,B_0160,0.3,12.70698182,70.90827107,0.603566879,0.4537913388,0.2511108037,0.189602176,3.032377991,0.589932831
I_087,C_19,B_0896,0.8332266967,23.27518995,89.88994466,0.2019792428,0.6660493406,0.7387471227,0.3025599775,4.130667678,0.542680327
I_105,C_20,B_1576,0.7758410191,36.10718253,82.99240263,0.2496002598,0.8067885482,1,0.3518027547,5,0.8364778478
I_113,C_17,B_0258,0.3,21.19671523,52.36179058,0.7,0.6309507222,0.801141819,0.2727066556,3.794532864,0.7109018053
I_031,C_22,B_0336,0.6855812525,24.6707581,76.39798894,0.3103405096,0.8964134639,0.7047124301,0.3160191791,3.835250796,0.6742981452
I_087,C_06,B_1880,0.7074670913,25.69208304,75.96407636,0.3347266683,0.7835671477,0.9423494806,0.2095245275,4.571049642,0.9270713235
I_038,C_01,B_1040,0.4921280186,19.57219612,67.53442019,0.4541016418,0.6630021772,0.7002532142,0.1176328584,3.834855622,0.7186097951
I_015,C_05,B_0516,0.8817516269,27.643353,74.59578185,0.07300578611,0.7050294925,0.8406078181,0.3069836877,4.313904863,0.4498779878
I_064,C_17,B_1349,0.6443566116,38.65506567,71.27381053,0.3729162875,1,0.7782939645,0.1396293519,3.807857589,0.7645000955
I_054,C_19,B_1016,0.7684594368,21.87011307,80.72119536,0.2650002335,1,1,0.102985994,4.381010863,0.9250947481
I_099,C_24,B_0769,0.5459648805,24.2507894,81.04163195,0.4379937597,0.8592950616,0.8300930432,0.2682944015,4.188277729,0.7543673348
I_109,C_21,B_1747,0.8005351076,36.65125097,67.24341846,0.2159771866,0.8711417985,0.5182117753,0.1120175483,3.992979944,0.8592386792
I_095,C_09,B_0762,0.3534889822,25.28409507,82.94598941,0.7,0.6912677009,0.8084300936,0.2830168611,4.274663493,0.7251260488
I_115,C_22,B_1247,0.3511825527,28.67801415,92.65689946,0.634633238,0.9423451629,1,0.2754104881,3.821580975,0.6677210982
I_111,C_02,B_1204,0.6657981043,31.95192661,87.04507868,0.3289115961,0.7258655574,0.8969255097,0.2982709586,4.065369597,0.8774819667
I_023,C_16,B_1468,0.5110666279,19.32207516,81.40290518,0.5339131918,0.9400372586,0.5796000629,0.077201904,4.274443067,0.4544371219
I_057,C_15,B_1984,0.5061673708,28.96086818,90.31706337,0.4568406284,0.986157503,0.8167213625,0.2418126724,4.009382051,0.9507828518
I_063,C_15,B_0522,0.7225196546,24.3575645,79.98231598,0.2146652237,0.7772790991,0.7058717326,0.1754668059,3.664885399,0.817061523
I_088,C_07,B_0023,0.4275620718,22.82263637,65.03829373,0.5419612112,1,0.6335669099,0.1575534547,4.785334611,0.5898439363
I_099,C_09,B_0357,0.6099155085,22.34498518,90.01037945,0.3541179709,0.6266813162,0.7053044755,0.3157580616,3.419559028,0.7988179905
I_005,C_05,B_1278,0.98,35.58625088,79.36800253,0.02512844223,0.7446281687,0.8642854394,0.372885811,4.469727614,0.6063869253
I_002,C_14,B_1313,0.7489113716,34.92229577,70.42707655,0.2523919804,0.7930117461,0.7550254066,0.3429252888,4.079424915,0.8038882886
I_033,C_06,B_1683,0.5640788221,32.79489854,98.9864719,0.4475584793,0.9331853762,0.6964008602,0.5148514874,3.646238248,0.6036600774
I_016,C_14,B_0341,0.6429165283,28.46772636,84.21438832,0.3179523118,0.8623885951,1,0.2823099859,3.839757103,0.6506771388
I_048,C_15,B_0432,0.525479015,26.80216091,76.01661657,0.4255365581,0.7063794207,0.5366158913,0.4259196963,4.119680416,1
I_024,C_06,B_0474,0.7650315271,28.22154057,75.55643774,0.1465039149,0.7783278876,0.8986470157,0.2152449385,4.593258881,0.918572531
I_044,C_15,B_0218,0.3526366147,29.69188298,50.46433986,0.6428244808,0.9328389461,0.8806942434,0.1943396788,3.455973676,0.7215774993
I_090,C_07,B_0912,0.6051739584,27.44982395,62.41353274,0.4119917389,0.6451395344,0.6164131723,0.1624463639,4.410057922,0.7123796167
I_053,C_03,B_1228,0.4327948618,28.41736463,71.68572667,0.5592021123,0.621754347,0.6700702229,0.314793058,4.285919484,0.6750120854
I_030,C_20,B_1597,0.75817421,33.4483508,85.70930959,0.2521616846,0.8276125516,0.8197820409,0.1547872879,4.457571959,1
I_072,C_06,B_1012,0.4621482009,23.01096556,75.44559918,0.5369847323,0.7360757903,0.6014435494,0.2466156378,3.635992977,0.3183085854
I_004,C_21,B_1950,0.3859442974,25.84599909,91.75182692,0.6917396506,0.7713775817,0.5584838371,0.2532982395,4.205027256,0.6159681355
I_018,C_02,B_0094,0.98,34.70105237,85.11074083,0.02,0.8453193546,0.9330106926,0.2665662753,4.852098011,0.6896854389
I_034,C_14,B_1009,0.7803299666,25.50788808,88.04650452,0.2636155012,0.8280882334,0.7539282361,0.4405141435,4.147806422,0.9990294755
I_084,C_10,B_1071,0.6414396859,26.79338422,79.75613896,0.31925964,0.564559411,0.9868930597,0.1296507085,2.945336886,0.6998957444
I_004,C_23,B_1093,0.5518645034,29.22987742,57.22982023,0.5226905498,0.9410778889,0.9160470417,0.3685254207,5,0.7838754231
I_114,C_13,B_1915,0.98,25.03711602,89.84094372,0.02,0.8636929643,0.9982342514,0.100487277,5,0.6188481178
I_044,C_22,B_1309,0.3,24.19855544,40.84210005,0.6652175437,0.5273688581,0.5369386927,0.1426898686,3.234292125,0.7656925469
I_034,C_23,B_0697,0.9654171012,29.26032144,84.94839514,0.02,0.9114457352,1,0.2442938608,4.087985687,1
I_062,C_08,B_1828,0.4882805489,31.15106311,87.60344979,0.5307780397,0.6297398535,0.6971896143,0.2279883423,5,0.5946914949
I_073,C_21,B_0997,0.4733958578,28.22424187,78.53357136,0.5704596999,0.9754851549,0.8807977521,0.1544154962,4.00067154,0.363756394
I_119,C_12,B_0154,0.7055110519,19.66115864,83.35483942,0.283624561,1,0.8132928446,0.3894702036,5,0.8637888205
I_067,C_08,B_1100,0.5544190545,22.02883695,73.87231734,0.4882850766,0.953841356,0.6953363783,0.278098214,4.040057768,0.7892923626
I_081,C_05,B_1719,0.5768703843,31.41420932,66.80937416,0.3991176199,0.5481903078,0.6922853115,0.31258551,3.871668988,0.7565525006
I_003,C_15,B_1998,0.7897394843,25.60083797,74.27548447,0.2029380478,0.7153136384,0.8652893522,0.3360870122,3.916212982,0.9892230307
I_093,C_17,B_0790,0.8230691176,22.1637359,73.87497468,0.1519553614,1,0.8075779703,0.187163463,4.322831252,0.6697028146
I_012,C_15,B_0581,0.5837519578,20.21172042,77.03634211,0.3170766275,0.7396138119,0.6798557965,0.1881079048,4.078594654,0.6072982771
I_114,C_11,B_0704,0.5546859199,28.12506833,90.96415662,0.3876460899,1,0.8449172899,0.2875929536,4.577448282,0.6979773725
I_042,C_25,B_1213,0.6273941615,35.1437597,85.18277596,0.2908427955,0.7677521454,0.660164561,0.2081342375,3.869274008,0.7038838405
I_011,C_10,B_1296,0.571525636,38.88488889,66.64991002,0.4095184218,0.9904576769,0.6439581926,0.1670307682,3.76678192,0.9431283263
I_120,C_13,B_1666,0.4496629679,36.35462458,56.5718935,0.6086055248,1,0.8235053975,0.4423125797,4.19900481,0.5444893488
I_006,C_23,B_1261,0.3881840854,16.00141101,62.03961761,0.7,0.6318779497,0.7646308099,0.2468804751,4.563431994,0.3757385309
I_009,C_23,B_0488,0.4558948002,32.06976845,45.72150206,0.5904923198,0.8094534241,0.9173423912,0.2141792854,4.392463582,0.7242082109
I_052,C_23,B_0560,0.5358773145,23.75546718,72.41506769,0.5065127367,0.7840427221,0.7981458595,0.1703634577,4.102680532,0.7861063542
I_036,C_13,B_1142,0.3641554887,27.64236278,76.50208475,0.6162291599,0.5335808536,0.6974608932,0.3158503458,3.007435351,0.554519064
I_012,C_18,B_1120,0.543506191,23.440853,87.16090749,0.5215556665,0.7271084313,0.7990918385,0.3715742261,4.285309648,0.6429111139
I_007,C_03,B_0802,0.7432470796,30.50449166,92.51709714,0.2631471288,0.7150656341,1,0.3193853175,3.640177981,0.6496927431
I_076,C_15,B_0513,0.3748599803,21.63134925,90.71597153,0.6789882709,0.5948749918,0.9690466453,0.2394175141,4.064917519,0.6729122425
I_101,C_09,B_0634,0.4690743961,23.12810992,96.84626198,0.5981723177,0.6146396866,0.5535670177,0.2641299495,3.920403061,0.9761766287
I_116,C_13,B_1922,0.5615891849,29.08966324,65.17019632,0.3837580455,0.8977896826,0.7118929247,0.1155549239,3.949882953,0.5977212371
I_046,C_16,B_1788,0.4207661708,31.63742433,83.04933449,0.6050715805,0.6802859732,0.8288728607,0.4217828914,4.464072791,0.9720826236
I_091,C_01,B_1546,0.9088447637,26.83317683,76.9754244,0.05802493037,0.8574132866,1,0.2375597029,4.210287981,0.776548439
I_086,C_03,B_1151,0.349438321,22.96929082,82.22060873,0.5890187174,0.7455381934,0.7483354524,0.237375929,4.25267721,0.7577407268
I_107,C_03,B_0791,0.4806350523,39.65360627,73.5703423,0.5334777932,0.9235246046,0.6976292349,0.4245957688,4.059840202,0.8646294702
I_026,C_08,B_0117,0.6186450226,29.9022742,77.27435503,0.3146509123,0.7315141894,0.8301984534,0.2571793556,3.923559613,0.706548681
I_017,C_10,B_0741,0.6462240937,19.54894589,93.98856707,0.2771106905,0.7997354327,0.6879415914,0.3559234937,3.987651987,0.6739997259
I_060,C_15,B_1691,0.7160153982,29.85783159,58.37822677,0.254064879,0.5814323035,0.6123643252,0.1165595578,4.859863469,0.5456836331
I_075,C_21,B_1082,0.3,14.91402363,63.97891968,0.6713757597,0.5678187924,1,0.07175287926,4.609685265,0.489645582
I_061,C_13,B_0831,0.3134167451,24.44453123,61.31475128,0.7,1,0.7446127903,0.2170093379,4.096819751,0.7078140517
I_109,C_01,B_0120,0.5044571016,26.94265177,61.57513098,0.5520177655,0.8679216836,0.8134742361,0.4415549904,4.597096904,0.7159906513
I_113,C_12,B_0657,0.3,29.46172447,79.00905907,0.6543132634,0.7571499059,0.8360349589,0.1945081563,3.793919014,0.5735216769
I_079,C_12,B_1908,0.6082336255,24.93282487,86.70560326,0.3930047365,0.8379968572,0.672898637,0.266670443,4.715009546,0.8192269748
I_010,C_19,B_0636,0.6970283789,25.36739494,85.70444362,0.2977456289,0.8346810005,0.8338358437,0.3233253003,4.703664318,0.9526331739
I_113,C_06,B_0370,0.30183883,22.70095636,92.98413451,0.6399374542,0.6093714213,0.6708891943,0.3037644329,3.648312388,0.8889321105
I_081,C_24,B_0269,0.5365018432,22.8586708,72.41789132,0.4678587122,0.882850253,0.7509449628,0.265947331,4.716351703,0.8853319741
I_002,C_03,B_0656,0.8097967918,25.98557234,93.48534682,0.2241492244,0.9092379481,0.5270848832,0.2880969327,3.876852151,0.8205431626
I_046,C_23,B_0936,0.6759713769,33.09212069,72.73520147,0.3394149301,0.7179303116,0.8378831312,0.3908106225,4.191249092,0.5698104683
I_071,C_07,B_0823,0.5249049439,25.47186789,70.51978556,0.4774240352,0.8788352338,0.7080141443,0.1739000099,4.327421878,0.7575268058
I_045,C_17,B_0867,0.4846581762,20.17772518,72.28744822,0.4550342718,0.7157877788,0.7172246732,0.2444476785,4.238538874,0.6828507189
I_047,C_03,B_0047,0.7503119077,24.38682634,69.86964002,0.1625704619,0.6764744591,0.8738030169,0.3331122669,4.251809983,0.998158205
I_039,C_06,B_1374,0.5888293129,27.54771581,85.07897476,0.3959008223,1,0.7514568258,0.2653587017,4.371006777,0.861764387
I_094,C_09,B_1709,0.4471644106,26.97143066,76.01351405,0.538331759,0.4891497033,0.7886470268,0.1937015456,4.457812081,0.8873330579
I_074,C_03,B_0992,0.3260589591,22.52859053,69.0519709,0.7,0.7039334853,0.6464849231,0.2150817167,4.35962968,0.6968208878
I_101,C_13,B_0877,0.4689802846,21.58531319,60.48788476,0.5049759079,0.4278322501,0.728360904,0.1731125678,4.218295244,0.6336375948
I_100,C_18,B_0774,0.366108909,26.47890562,62.95076119,0.6311420713,0.6546478848,0.9925958753,0.1989950656,3.8262836,0.5519299107
I_098,C_20,B_1220,0.4369696782,21.99160898,79.03530634,0.5723659796,0.7709359761,0.8489357712,0.1664834182,3.848084655,0.8112089856
I_014,C_20,B_2000,0.8225668438,23.77017834,76.80707745,0.2337771883,0.7811137753,0.7367846829,0.2096683486,3.951240118,0.6495614122
I_107,C_05,B_0005,0.6075154609,27.90003336,79.733815,0.4701759303,0.8761307247,0.6257623703,0.2906547447,3.989490061,0.7647171006
I_062,C_15,B_1004,0.5824851268,24.48540828,89.2646877,0.3607181271,0.7914141779,0.5371629057,0.1421023351,4.526614893,0.9221612083
I_110,C_01,B_1724,0.7857613026,25.99869517,80.82139218,0.3292497461,0.6638196434,1,0.2881707751,3.803767202,0.6972242112
I_003,C_20,B_0264,0.897139962,19.9040754,82.66365148,0.148819866,0.9698399546,0.9610081103,0.2893146498,4.238999373,0.7619648094
I_114,C_17,B_1570,0.6998993931,25.43088189,61.3702104,0.335452628,0.8761988325,0.9044805878,0.1485868013,4.441774003,1
I_098,C_14,B_1831,0.6717446897,19.74227832,55.43186696,0.3416618643,0.7359830238,0.6090972986,0.1960168369,3.658715216,0.5625795242
I_117,C_18,B_0444,0.8601071002,31.62157588,89.60297397,0.1746202182,0.828042309,0.6258215846,0.1907933332,4.337406185,0.7069395234
I_004,C_25,B_1003,0.4153008411,19.1270675,61.92235789,0.5996804625,0.9476048664,0.5542135868,0.3667361184,4.321384906,0.7838146878
I_077,C_21,B_1078,0.5262632756,37.55598195,75.14112966,0.5149781415,0.729711584,0.9680741386,0.3445999493,3.828159118,0.5973826987
I_019,C_03,B_0838,0.4262019244,30.81523632,87.61936076,0.6146570035,0.6002266072,0.4992082537,0.2561693335,3.109765168,0.7445234721
I_054,C_14,B_1791,0.6072305078,27.01125695,59.94442728,0.4415212026,0.9389837454,0.736645684,0.2326590289,4.434172483,0.4441721145
I_097,C_01,B_0305,0.716375967,35.58468773,70.39438922,0.2927111279,0.7191890546,0.5705841055,0.2336515374,4.520644965,0.9740957662
I_004,C_19,B_1366,0.5222664036,26.48421444,81.10772015,0.5395579655,0.7914657768,1,0.1877417166,3.842574719,0.6631959551
I_052,C_16,B_1558,0.4251239676,31.10243321,70.25413925,0.5607879865,0.414241642,0.8635434266,0.3474500474,4.412987744,0.7641900499
I_036,C_17,B_0314,0.5254903369,21.76830515,85.02772893,0.5107648452,0.6141315291,0.496461726,0.217213561,3.616741571,0.6064896871
I_012,C_04,B_0150,0.4889074691,29.36345946,86.53895858,0.5125616485,0.630186557,0.5572949098,0.08266737112,3.549786944,0.857800994
I_047,C_19,B_1149,0.5215455002,32.07123336,75.42396076,0.5974567723,1,0.8070747282,0.003191345572,3.890273357,0.7606690475
I_041,C_08,B_1214,0.5203459239,21.60015193,90.82551927,0.4828729364,0.651412476,0.5578925389,0.2813220148,4.293437267,0.8642443961
I_101,C_23,B_0575,0.5021148782,29.60540951,76.78553116,0.5545128947,0.910168582,0.9242286292,0.2716332486,3.686356251,0.6839740321
I_055,C_05,B_0051,0.6551353519,28.14451991,68.10403749,0.3852192217,0.9833349515,0.6875455612,0.275706915,4.423814753,0.6359953653
I_051,C_25,B_1553,0.8076193859,36.08576947,84.08636357,0.1617555562,0.5906576488,0.8959622827,0.3408213372,4.842596552,0.8010272669
I_024,C_17,B_0727,0.7300559761,23.45897385,82.92512435,0.3087015543,0.6660882103,0.6643935256,0.2923424015,4.028251618,0.6468489846
I_039,C_08,B_0834,0.5423255127,25.14489267,73.76811006,0.4793551771,0.8991404007,0.9137558199,0.3361399037,3.977408333,0.4441760602
I_051,C_16,B_1378,0.9072918785,38.62060951,93.84623335,0.04453615628,0.815131274,1,0.2312480798,4.385694416,0.9273689249
I_070,C_02,B_1116,0.3235970238,33.27799195,65.98902539,0.7,0.7177905471,0.8124246604,0.3335608724,3.40702808,0.51696972
I_111,C_11,B_1167,0.6347770872,19.23265568,69.58714937,0.3339991207,0.7986256032,0.6579479983,0.2602779072,4.387934113,0.9380638673
I_067,C_20,B_0471,0.3,20.97308537,53.1879067,0.7,0.8462645296,0.6086099021,0.07418354578,3.900834589,0.6780585787
I_105,C_03,B_0972,0.98,31.28687611,79.70129911,0.02,0.8205827338,0.583983822,0.3794948247,4.811763553,0.8439148066
I_080,C_17,B_0654,0.4549854272,14.76407241,65.99347513,0.5716378755,1,0.5678639928,0.1913879179,3.820006177,0.7691100784
I_008,C_19,B_0400,0.6460741505,32.16197088,75.27780516,0.3933317212,0.7143764798,0.8333436813,0.3619186976,4.039301513,0.7507597607
I_014,C_05,B_0512,0.821697328,29.95282147,88.95113638,0.1735385467,0.8605099361,0.791625751,0.1479150525,3.981792998,0.9962043644
I_071,C_22,B_0321,0.743600762,23.35591399,87.09309221,0.2426551795,0.705012003,0.7136160898,0.3249614345,3.88400161,0.7022013993
I_022,C_05,B_0020,0.7401538303,23.1020186,74.91398387,0.2984426309,1,0.6185715998,0.2422483879,3.667396078,0.593336262
I_002,C_11,B_0685,0.7424100795,26.74129682,76.51946796,0.2570478821,0.7475762821,0.7707855323,0.2004507526,4.23433554,0.5784343306
I_089,C_22,B_0036,0.4850847603,22.20052568,76.42736502,0.4284812917,0.9968074033,0.6599822331,0.1342469442,4.368150862,0.6251622379
I_072,C_12,B_0903,0.7273046281,27.77016895,66.64494681,0.2458594105,0.8852204773,0.7977614643,0.2554125791,4.489645652,0.8216426942
I_053,C_20,B_1779,0.5571665875,24.68139515,71.33599273,0.3975333748,0.8870340226,0.7517919107,0.1558453413,4.244685661,0.9092229432
I_070,C_06,B_0828,0.4888362816,23.00312323,77.58520455,0.5398201483,0.8795188577,0.5364660744,0.1698188493,4.209181743,0.621996475
I_051,C_09,B_1854,0.5428474163,34.84906353,96.46430215,0.5581710374,0.8444935495,1,0.2453279954,4.01467442,0.9587597277
I_115,C_03,B_0408,0.4941932085,24.72907298,68.08112229,0.4642026127,0.7909110739,0.7260877954,0.337276504,4.130162878,0.6473654412
I_100,C_04,B_0921,0.537861675,16.4654897,75.94072808,0.5125394445,0.5460203983,0.6205505254,0.1528885296,4.664515646,0.7942635066
I_054,C_21,B_0538,0.7270322679,18.43240028,75.6618297,0.2519347024,0.6234272414,0.8754353617,0.3937753242,5,0.7827511943
I_071,C_21,B_0759,0.4416804144,28.58594337,75.94017538,0.5133755157,0.6776727017,0.6001561481,0.344572648,4.548996609,0.8283632819
I_086,C_25,B_1905,0.4927519437,25.36882775,100,0.510221715,1,0.7217746251,0.1450836091,4.94624045,0.7061016086
I_005,C_05,B_1063,0.8753824103,38.88262794,83.72283679,0.1511334008,0.8403137805,0.8535339441,0.3608597491,4.380827096,0.7420151833
I_109,C_22,B_1200,0.770172355,18.10408588,62.97370093,0.2371612199,0.5346754249,0.8830138173,0.0573891881,4.411932747,0.7304562413
I_044,C_03,B_0246,0.3035939616,25.97763717,62.68725834,0.7,0.6254414754,0.5580965737,0.2506453127,4.854278617,0.7754526326
I_038,C_22,B_1417,0.3,19.46356494,79.53849119,0.7,0.8128181367,0.6795143202,0.2055790979,3.504854665,0.4755078203
I_027,C_08,B_1128,0.5767608582,29.79332257,68.10220726,0.3849095366,0.9616510319,0.7291765689,0.1907458771,4.136674193,0.5381078976
I_014,C_01,B_0785,0.7300153592,25.43860609,75.04893466,0.227539497,0.7009562528,0.8631273694,0.4315609575,3.164351915,0.9473157392
I_004,C_25,B_1743,0.5212846336,19.66938135,97.99151235,0.50206248,0.7323876703,0.6889593246,0.2299301736,4.419720348,0.9656866846
I_118,C_11,B_0490,0.9479716237,37.35990791,86.56274562,0.05745929724,0.5610793653,0.9478845876,0.2457429927,5,0.9952787794
I_023,C_07,B_0155,0.4285693239,19.72640956,72.48651311,0.5133582456,0.7214518073,0.8809509961,0.2299845337,4.154152303,0.6670583892
I_026,C_16,B_0962,0.6334821969,29.51030075,75.96640834,0.3257427649,0.7049408126,0.9216755136,0.1326640838,3.86502178,0.8142661945
I_077,C_08,B_0854,0.5272341623,35.78074431,78.0527429,0.5005947388,0.7147307778,0.8960333148,0.2059768096,4.131736492,0.6441213373
I_040,C_14,B_1312,0.6638145209,34.13334878,89.74579759,0.3048041169,0.8623351931,0.863981295,0.1996408457,4.055943715,0.9016089381
I_090,C_14,B_0626,0.7656021072,27.43866424,90.68215456,0.2333024184,0.7151558908,0.6409959117,0.2881644943,3.56108255,0.9114069671
I_115,C_16,B_0686,0.6344031791,20.80033912,77.65673527,0.3516062094,0.5666045366,0.8008225833,0.1640881826,4.522270741,0.4965404588
I_033,C_12,B_1562,0.7451412098,32.18070421,87.72055938,0.2473732991,0.9580490902,0.8261344047,0.2325819105,4.21161398,0.7756028736
I_019,C_23,B_0570,0.432936628,20.60872346,78.24885279,0.4210238197,0.8082078319,0.8680913119,0.3697103995,3.594082233,0.6062304076
I_117,C_06,B_1909,0.6859230696,29.71096566,90.98182124,0.2259280475,0.9000556695,0.7857829537,0.2237432825,4.377812713,0.8944617188
I_024,C_12,B_0018,0.5215287312,25.54055964,90.96974761,0.4668493412,0.9046152955,0.9768620034,0.1960376582,3.401052108,0.4941953086
I_009,C_09,B_0128,0.6714179189,24.37995176,74.76549629,0.3290207067,0.8173580356,0.9745076293,0.08058080024,3.986686782,0.5631257428
I_022,C_13,B_1347,0.5382288953,21.35339993,74.05504921,0.4631036264,0.598939645,0.8647018171,0.2011934248,4.075354921,0.7729394215
I_026,C_08,B_1280,0.6266950718,22.14763187,77.08825433,0.398394637,0.5442022819,0.8625623962,0.2831332449,4.421907644,0.7689889028
I_013,C_08,B_1969,0.8647678172,30.26714117,84.92635046,0.1701528351,0.7169733072,1,0.3592995842,5,0.753029077
I_033,C_21,B_0928,0.7047045523,31.16404082,85.44212748,0.2000282066,0.9094009932,0.8136154054,0.2512798438,4.267005165,0.6540113201
I_069,C_22,B_0981,0.4550752119,21.27832737,82.31572596,0.4957668539,0.7333220219,0.7544406887,0.1231671645,3.819014375,0.6616165331
I_034,C_08,B_1965,0.6193856066,21.96717834,70.54055894,0.3139417136,0.8087821381,0.6658540983,0.307024766,4.263303778,0.9842946772
I_004,C_18,B_0191,0.4161458314,20.2899041,68.40921533,0.5528269411,0.7659776749,0.799989235,0.1670399582,3.59794777,0.7951498264
I_081,C_05,B_1140,0.5233527904,38.0215672,78.74181357,0.475316162,0.5463690748,0.8209393649,0.391214039,4.643889064,0.4754048558
I_083,C_09,B_0993,0.3448892955,17.88002657,57.69978929,0.7,0.8387702259,0.4608852112,0.08512917396,4.405474497,0.8790291767
I_033,C_13,B_1956,0.7105059561,29.39216218,82.2057478,0.1938418532,1,0.8905433239,0.3563895813,3.755618625,0.7037308566
I_092,C_11,B_1657,0.4883855316,29.91440478,84.15044936,0.5558453963,0.7318879593,0.4761831712,0.0102096152,3.896696431,0.8947378411
I_026,C_05,B_0607,0.6546411329,30.95511495,79.2060073,0.3913904029,0.8826903285,0.7348436779,0.1711877301,4.05809732,0.8530791292
I_090,C_04,B_0181,0.7862939443,27.91731993,80.51578234,0.2538191711,0.9192980005,0.7810016853,0.2637532702,3.819303094,0.8615177495
I_011,C_11,B_0302,0.5634472463,27.31129358,62.28145446,0.337108286,0.6286026168,0.9495145655,0.1763387347,4.936033528,0.6991381713
I_099,C_10,B_0497,0.5227833884,20.70929581,77.30339012,0.5206815297,0.7072488312,0.7176696925,0.2239119413,4.384678323,0.6687146078
I_030,C_11,B_1721,0.7241171101,29.82820669,79.16293201,0.2804560932,0.9299954875,0.6854457358,0.3148069074,4.807964088,0.6318472416
I_009,C_19,B_1710,0.3685864469,24.91564461,63.97670813,0.5960402922,0.7796982806,0.8115447062,0.2886501677,4.055965963,0.6821402757
I_089,C_22,B_1888,0.5417535047,27.64967825,77.70239479,0.4002975227,0.5561456421,0.6115841636,0.2701511111,4.395111455,0.7388048824
I_103,C_04,B_1992,0.828121235,31.43111591,85.68789437,0.1602401931,0.5973920026,0.884403991,0.08102874096,5,0.6256424975
I_098,C_17,B_0518,0.6735192347,30.14291728,91.26221035,0.2921007339,0.5449583957,1,0.1067376182,4.10049752,0.4604077709
I_016,C_23,B_1985,0.4822575536,27.46159063,87.6191727,0.5276016523,0.6871705686,0.6232892592,0.3685861947,4.437971536,0.6161077581
I_017,C_21,B_1070,0.6742400911,33.76237045,82.60236139,0.28017133,0.9188837829,0.7005632321,0.2732219009,4.412824141,0.6776909741
I_047,C_25,B_0477,0.4562275015,20.84768592,86.31762174,0.4731406577,0.7562489103,0.8036171996,0.1730402467,3.69757557,0.7474145649
I_037,C_14,B_0158,0.9729851662,28.58269904,79.99246065,0.02,0.7657217393,0.8246717233,0.4119689646,4.241294121,0.7828387266
I_009,C_23,B_1244,0.8187095258,26.11152364,58.98539682,0.2468876054,0.7108904009,0.8303415919,0,4.522018006,0.959145144
I_068,C_04,B_1196,0.3428297334,31.5692069,72.34646405,0.6182300301,0.941652109,0.7881334496,0.4189836762,4.545566526,0.84586685
I_104,C_04,B_0017,0.3,17.16646239,87.04916082,0.7,0.8086369924,0.9247370159,0.3634618673,3.781781868,0.8449804513
I_035,C_09,B_1536,0.4040973893,21.75878894,86.63613628,0.6307495387,0.8506607813,0.6437976415,0.2824370767,4.210778157,0.7488881831
I_069,C_24,B_1073,0.6689678375,33.92423966,78.14099231,0.4227893221,0.9825533732,1,0.1673625445,4.348016681,0.8855607559
I_096,C_13,B_1972,0.697208191,27.4533511,79.05920199,0.2882085566,0.9895227834,0.5507272767,0.2448949768,4.974182732,0.6213937108
I_108,C_21,B_0547,0.5983703593,25.97848506,74.82901076,0.3898178019,0.6183078672,0.8367213372,0.05449615757,4.133871558,0.3781819044
I_090,C_17,B_1540,0.8279749257,24.88815905,70.62358115,0.2177816408,0.6204552707,0.8527624078,0.3987630486,4.369408625,0.6799197807
I_032,C_11,B_0659,0.466205414,24.79203777,70.26560243,0.5607428359,0.8093295688,0.8726168818,0.2846006734,3.954737085,0.8642924409
I_103,C_08,B_1626,0.6567714967,28.00297027,67.21457236,0.4007948904,0.8100310803,0.9595737647,0.1760474648,4.726032726,0.9946233962
I_012,C_02,B_1020,0.5393032389,27.26677833,76.42495014,0.45769021,0.8294982694,1,0.3482751468,4.47575722,0.7145934659
I_088,C_23,B_1663,0.6417674138,29.90373225,73.00180489,0.4334225156,0.660774144,0.5125575184,0.2297679945,4.155476664,0.409063951
I_086,C_25,B_1505,0.5977061626,35.59883598,90.79412722,0.4463062206,0.852544818,0.7954240858,0.1501081905,3.86084461,0.7375144929
I_011,C_06,B_0960,0.7250944153,25.57720089,76.3164201,0.3284136754,0.8142129401,0.4468592595,0.1768689236,4.250541175,0.7516287018
I_118,C_25,B_1882,0.895706343,30.69139351,90.33041362,0.08396849901,0.9686901653,0.9349738069,0.400556482,5,1
I_044,C_25,B_0284,0.3158505633,16.77916118,65.1363644,0.6163165453,0.768537981,0.3970856795,0.3507959741,3.430403622,0.4219772133
I_058,C_22,B_0798,0.8454857013,27.1800763,87.01345775,0.1706630358,0.9762610506,0.8138780402,0.02860841878,3.849117581,0.8053361711
I_003,C_18,B_1627,0.6836998646,21.3568066,93.75392428,0.3460993755,0.5802661832,0.6451555311,0.2508648407,4.328589396,0.8865906893
I_103,C_22,B_0226,0.7782674216,27.03573909,74.77810864,0.1768703727,0.9428400957,0.700377744,0.2863956442,4.546025603,0.9289846286
I_002,C_11,B_0027,0.8009520669,33.34095658,68.77053283,0.145314116,0.9171380009,1,0.287416752,3.577841869,0.8556429728
I_057,C_06,B_1771,0.7178448423,35.36032081,92.04688343,0.2417571685,1,0.8739845929,0.1932862251,4.495359579,0.9274760892
I_017,C_19,B_0438,0.5031524348,27.00386564,86.42197681,0.5345578647,0.8207778386,0.536908001,0.2721318841,4.364124993,0.7415775984
I_113,C_24,B_1949,0.3696797941,15.37888274,65.00494781,0.6851247776,0.6399421426,0.8586671659,0.2666754762,3.631026051,0.8241443766
I_119,C_11,B_1389,0.5587836602,25.33820408,79.0336823,0.4138888923,0.7000688813,0.8145372937,0.09406972153,2.987448404,0.60463259
I_027,C_12,B_0230,0.443304826,24.90778831,69.23875575,0.4814674823,0.7731330739,0.7414842979,0.3103121876,3.430429446,0.7897444008
I_091,C_19,B_0038,0.7610376601,33.94487961,90.1463412,0.3622846585,0.706859853,0.8425057838,0.1185356608,4.59745787,0.7020203596
I_019,C_12,B_0750,0.4218035042,21.77477397,75.1394302,0.4610703208,0.6509167721,0.8572469827,0.3183771848,4.680324824,0.7856777144
I_082,C_05,B_1046,0.7386368275,39.72249875,75.87995708,0.2725931959,0.3901692289,0.7569376383,0.1647271828,4.48740652,0.8275331146
I_006,C_15,B_1399,0.359137184,13.81324287,58.12547574,0.6010653479,0.7893396217,0.6761997948,0.1061916033,3.199969811,0.9943476023
I_058,C_25,B_0470,0.7595556462,35.08825802,80.71221945,0.1566468881,1,0.7741674234,0.2451551441,3.996242845,0.8198678882
I_002,C_12,B_1693,0.6526651604,27.00537086,78.24287935,0.3437894682,0.7947001268,0.6586550117,0.2996310829,4.409360587,0.7565003569
I_013,C_12,B_1968,0.7684502411,29.08938224,100,0.2646967623,0.6191661448,0.8546657563,0.262485392,4.33011196,0.9612923831
I_035,C_06,B_0688,0.6217985191,22.08722049,78.45704732,0.3683007909,0.7431656982,0.7017352459,0.2333483873,4.35744413,0.7894538142
I_104,C_21,B_1844,0.6931567594,22.55483511,65.96731255,0.2253765802,0.8341823587,0.72428497,0.3090022357,3.520382137,0.6527620716
I_034,C_24,B_0640,0.6903744171,31.58269948,73.01656028,0.3356979792,0.9536596023,1,0.3334234045,4.420271394,0.7291948571
I_044,C_11,B_1713,0.3,18.19137193,72.5572603,0.616391829,0.376909099,0.6872777953,0.3301640486,4.44661642,0.4975303666
I_064,C_20,B_1219,0.4499909727,32.65888956,87.0455434,0.5463853916,0.6061981805,0.8161947098,0.2596797248,4.532767669,0.6089815203
I_109,C_04,B_1159,0.503689425,23.14508737,77.73481668,0.4995485424,0.8466176741,0.5781176197,0.1701351941,3.815437626,0.901447975
I_029,C_17,B_1416,0.5138196411,28.95889906,83.62133025,0.4128837269,0.7617264057,0.7032451046,0.2301927679,4.791713566,0.6540633662
I_053,C_07,B_1528,0.4913187977,19.91162801,83.95252341,0.5332223749,0.3358328487,0.500812341,0.1620585326,4.390570221,0.6971068567
I_097,C_12,B_1656,0.5470039079,24.11615391,86.95767399,0.4448334342,0.744720058,0.7300875675,0.4097919069,4.95686275,0.716800814
I_033,C_09,B_1301,0.7267203247,34.11366705,100,0.275851826,0.8257315048,0.9872430622,0.3937011663,4.627381322,0.6406749446
I_083,C_09,B_1823,0.4151469474,24.31548885,78.08469376,0.5890819636,0.6084677765,0.5696160244,0.1477849366,4.001600879,0.8986744992
I_102,C_15,B_0801,0.6943648987,32.17326765,99.44973525,0.186094205,0.8748222849,0.8849092038,0.2440878665,4.929240998,0.807679244
I_040,C_18,B_1604,0.7569323846,26.45615604,77.95702205,0.3501737889,0.9166016271,0.9842712869,0.3490278813,3.317604132,1
I_104,C_17,B_0161,0.4939376824,21.14004825,80.315625,0.5256061193,0.5492823183,0.5576756409,0.2192609197,4.237522808,0.4913346959
I_096,C_24,B_0957,0.5252805733,23.720272,76.4441163,0.4152256556,0.9205733826,0.9772973959,0.1371442187,4.489993472,0.727426566
I_103,C_04,B_1187,0.7414358407,34.9569616,84.05043671,0.1823278518,0.6913682548,0.9013702275,0.2559748257,4.157861176,1
I_017,C_11,B_0822,0.6804787071,27.85152261,95.61763249,0.3223954306,0.8298487703,0.7825286327,0.1693450343,4.548558134,0.6966634833
I_007,C_20,B_1682,0.6810289006,24.91953683,62.97581013,0.1964406155,0.5789662372,0.6603980956,0.1104571191,4.261106796,0.439998972
I_036,C_15,B_0878,0.5351768291,24.71852357,82.50623983,0.4162990688,0.6026692308,0.6197581833,0.2473619829,4.996248444,0.9129403046
I_058,C_21,B_0914,0.7918775338,29.30248193,81.80696782,0.1998439353,0.6746490144,0.986927866,0.355618553,4.820456218,0.8946661586
I_048,C_13,B_0153,0.6697401556,30.60918308,79.61236682,0.3563350668,0.818011771,0.5018656289,0.1352948692,4.118725994,1
I_012,C_15,B_1871,0.624551064,16.31238634,79.37435589,0.38824166,0.5081998428,0.7508907515,0.1230011222,3.905758401,0.6233317192
I_012,C_19,B_1777,0.5430301549,16.17968567,79.31100484,0.4421617158,0.7844750994,0.7072405032,0.3648068124,3.208326141,0.6560554775
I_110,C_25,B_0510,0.6067530606,31.22161141,72.00709208,0.3647234885,0.7240803414,0.9527379294,0.2697655967,4.629679168,0.7916429614
I_107,C_05,B_1136,0.6353403118,34.30937463,88.03329573,0.3803252389,0.8272172356,0.7767194205,0.2723847995,4.599905501,0.72011339
I_036,C_22,B_1251,0.3811085337,14.56413159,60.65857413,0.5989966806,0.8198516088,0.7002486448,0.437669036,4.346096448,0.6510028902
I_023,C_18,B_1684,0.4355944619,20.80525346,77.04310568,0.6315645603,0.5936831248,0.6633226488,0.192345757,4.624388807,0.9079720569
I_015,C_16,B_0104,0.6734075516,24.70762005,100,0.3118658265,0.7368967387,0.8488254639,0.2570390795,4.842547703,0.8974664992
I_047,C_04,B_1446,0.4411434403,24.30759057,82.18315044,0.5865915266,0.6592021673,0.952160472,0.1711724414,4.04627492,0.8451440719
I_005,C_24,B_1444,0.9107749843,22.52486346,89.33706948,0.08533362725,1,1,0.4749239039,4.682388348,0.8196356096
I_034,C_10,B_0587,0.7068401645,38.80783976,100,0.3426372845,0.7960361138,0.8569871094,0.2838979844,4.290193744,0.9439933886
I_085,C_24,B_1769,0.7850648436,30.01645045,86.59604363,0.2013236622,0.8685642559,0.3977903345,0.2367482697,4.584962624,0.8802009988
I_008,C_25,B_1144,0.7744544491,34.58005331,100,0.2274884019,1,0.8445106349,0.2315313086,4.712185264,0.7967999931
I_003,C_23,B_0054,0.6083886875,29.56632055,72.3377888,0.4008942287,0.8470586563,0.8451935964,0.221669384,4.711707959,0.6912142522
I_033,C_14,B_0152,0.6210365302,30.64332544,86.38143723,0.3915809295,1,0.8020662234,0.05188002262,3.199157803,0.6729292407
I_033,C_09,B_0404,0.7075603079,33.14250254,77.69197844,0.2990019539,0.7505382631,0.3995394878,0.2422259289,3.889372933,1
I_055,C_09,B_1943,0.5130584208,31.71456274,84.47973241,0.3869450359,0.9225458226,0.6624149118,0.2396936069,4.544377638,0.7659115449
I_066,C_23,B_0208,0.7969328897,38.55551483,93.46184209,0.241924904,0.5275797858,0.7223248346,0.3672257369,4.959055986,0.7025934111
I_026,C_24,B_1895,0.6354465435,25.23436105,80.66425764,0.2527138767,0.6447322489,0.9542184095,0.4002525148,3.648607105,1
I_034,C_11,B_1123,0.8524775136,25.51361328,90.42874127,0.09912889186,0.6330977175,0.6054825029,0.3119075651,3.898170115,0.7574773965
I_059,C_03,B_1891,0.4807629691,30.60574911,87.32107704,0.4880574047,0.665909696,0.6006937051,0.2836338342,3.896346654,0.6815042797
I_103,C_21,B_0009,0.98,35.3614178,68.72229447,0.03779081676,0.7478489898,0.9103881823,0.3288947808,4.607800574,0.9378127267
I_034,C_23,B_1015,0.8352558234,35.84666739,77.60326143,0.2424572776,0.8839565223,0.8720692022,0.2471088318,4.843585366,1
I_014,C_17,B_1907,0.6718112088,27.90767644,81.97929823,0.3902601337,0.7670598353,0.7538899537,0.3011866315,4.247279089,0.8348291545
I_051,C_05,B_1061,0.7422068767,29.493994,76.80336562,0.2499788358,0.9077615379,0.7216402574,0.2644218949,4.916226368,0.7599480897
I_053,C_23,B_0453,0.6747547511,26.35456437,87.31445897,0.3148720645,0.94635923,0.7742300113,0.2519191984,4.432009984,0.635522948
I_105,C_16,B_0254,0.8260495131,36.30297104,69.83821949,0.1328235559,0.9487487581,0.908444704,0.2049098979,4.775369161,0.6810267536
I_095,C_15,B_1328,0.3050503294,18.3144124,79.52862809,0.6755182124,0.7175742461,0.8769545874,0.2116382136,4.170634697,0.6191023409
I_057,C_08,B_0897,0.6927424204,21.13419905,90.78270725,0.3132755017,0.8118397649,0.9143252318,0.4503076241,4.255948541,0.8891582888
I_066,C_06,B_1734,0.6118257441,29.42595447,96.55834636,0.4473612802,0.9620040207,0.611404141,0.1301028535,4.651462327,0.883031267
I_020,C_16,B_0881,0.5581939046,26.31151347,66.3253601,0.343518069,0.7004596797,0.768417947,0.2683680162,4.020936463,0.6492593123
I_032,C_10,B_1596,0.349119093,22.0097479,76.97269379,0.5692055291,1,0.9021978069,0.08664578194,4.365116611,0.7991024084
I_012,C_12,B_1889,0.4822147448,23.05137651,80.9469071,0.5035341797,0.8259514571,0.6689456485,0.2401243669,3.897329207,0.797088803
I_076,C_02,B_0624,0.4746020752,27.88796876,82.27992721,0.5847755843,0.7514868154,0.6604805184,0.05800063723,4.655245199,0.7448179974
I_113,C_23,B_0346,0.3,25.47711462,74.45326474,0.7,0.4490169004,0.7943039951,0.2724044564,4.269383147,0.7374121167
I_119,C_24,B_1703,0.7338737519,14.62914306,80.15940155,0.2118464903,0.7292445232,0.6507050812,0.1586544315,3.989280017,0.909851978
I_002,C_18,B_0263,0.6737677682,30.46054517,99.38317398,0.3041502913,1,0.7945138582,0.1706451239,3.595308916,0.7571527537
I_087,C_03,B_1635,0.7195838857,32.44377343,87.39828424,0.2581381028,0.8162067135,0.8396495083,0.2725739496,3.800587841,0.9057279922
I_015,C_23,B_1322,0.6860238699,25.04070248,92.60176661,0.3382837776,0.887178126,1,0.1708789711,4.923369832,0.8487527695
I_052,C_07,B_1439,0.5848385977,26.0011218,70.18780924,0.3844980143,0.6269069529,0.8001313193,0.1676582523,4.721479161,0.6607576399
I_034,C_02,B_0151,0.7868521394,40,100,0.192925968,0.7323246657,0.6103850758,0.3279455571,4.447985663,0.9675227928
I_046,C_07,B_0473,0.6135937167,30.00438063,78.77550787,0.2637560729,0.7040963958,0.7523416517,0.1290561349,3.545347263,1
I_052,C_22,B_0641,0.5225961531,30.20356759,84.33464921,0.5060671808,0.5740592404,0.5308727864,0.2948396452,4.268208418,0.5964601896
I_108,C_13,B_1983,0.6115368466,22.38850557,78.20062136,0.3778715846,1,0.8507765114,0.3296617254,3.982313423,0.8432294559
I_080,C_19,B_1883,0.4450304797,19.94270252,71.75583983,0.6153378267,0.3933392773,0.8656132276,0.2105865524,4.205354519,0.619092236
I_006,C_02,B_0551,0.4971302233,22.50059672,79.51692566,0.4171376766,0.9465321616,0.7313122746,0.1545742292,4.185009178,0.8559951067
I_071,C_17,B_1780,0.7184337933,29.84616783,79.07994546,0.1664024823,0.8063896181,0.7808567847,0.2632388744,4.148647262,0.6661581539
I_117,C_02,B_0929,0.6112876855,26.48537192,85.31029416,0.5203413532,0.6809447822,0.7283310626,0.1757765953,4.348356675,0.6866398151
I_043,C_15,B_0489,0.8084760821,23.24850768,83.02569204,0.2838705087,0.807263367,0.7246239141,0.1518796449,4.018610418,0.5836406123
I_055,C_08,B_1812,0.715153843,22.92545721,92.35574465,0.3492392499,0.7787401663,0.749724089,0.147009157,4.903569193,0.7729455359
I_109,C_10,B_1172,0.5821925258,27.18560331,84.94989663,0.5214840865,0.7744233756,0.5845923265,0.2289725081,4.079774798,0.7074540691
I_007,C_21,B_0147,0.7443350481,36.66200988,94.80899141,0.3175274556,0.861585056,0.6768658702,0.4150656324,4.033066901,0.6746163597
I_020,C_21,B_1705,0.7306968711,25.23092282,67.39024457,0.1713698717,0.7537479442,0.7736867274,0.07697662089,4.242175474,0.8103925273
I_017,C_14,B_1929,0.4664616325,30.56491554,64.28008272,0.4630197148,0.8602481293,0.9764310372,0.3122597239,5,0.7527982544
I_017,C_24,B_0403,0.5129929089,21.05536589,85.7407059,0.4873346154,0.9817720903,0.9406183159,0.3993739573,4.794259323,0.7210429807
I_065,C_13,B_0955,0.5161979481,24.93998532,71.60188608,0.5230293921,0.586554142,0.8026467378,0.1528419601,3.737221496,0.5870975547
I_021,C_21,B_1878,0.5812124018,26.34778843,97.86288601,0.4349909734,0.939067352,0.7095983875,0.3021075575,3.942212023,0.8052859899
I_091,C_03,B_0660,0.8654635177,30.73638365,97.06334476,0.0886308916,0.8503781507,0.9973737431,0.4026791076,4.366410567,0.6522428914
I_072,C_12,B_1373,0.4957936198,20.7873336,64.42131458,0.5826714135,0.9239780751,0.9487458699,0.06763661677,4.175428184,0.8362531141
I_067,C_09,B_0464,0.3,23.81174342,69.52314189,0.7,0.7790311738,0.8195047059,0.168966175,3.738452178,0.6470483801
I_093,C_23,B_1350,0.8049068137,24.73429913,72.76509509,0.2407463442,0.8573876294,0.6094644613,0.2924424794,3.980048496,0.7858596067
I_103,C_22,B_0187,0.6663669831,33.3217872,78.43782176,0.2740254805,0.6555763929,0.8762782159,0.5011939744,4.045416368,0.8792198722
I_079,C_13,B_1148,0.8485205841,24.8627215,74.27663859,0.1842399893,0.6385911169,0.703884792,0.3860337975,4.301786416,0.725533864
I_070,C_17,B_1225,0.327796623,22.65265516,60.42879033,0.6954240191,0.4529751503,0.6114016383,0.2531879248,3.783686382,0.9347743453
I_051,C_02,B_0609,0.8265078066,26.80878502,68.15339453,0.160494025,0.895524875,0.8775637224,0.09995986535,4.821243657,0.8312613349
I_103,C_10,B_0144,0.6605663153,28.33319867,86.71598053,0.248383812,1,0.5994961187,0.1975707529,4.285819646,0.7972914973
I_100,C_13,B_0752,0.5503039104,25.61202197,66.98391821,0.5065891753,0.8088297751,0.7411561529,0.3205605873,4.112608017,0.7359769667
I_041,C_11,B_1535,0.6785453698,34.88403906,94.08008892,0.3374406795,0.9539552462,0.8827409045,0.2274320577,4.216757477,0.8548698364
I_095,C_01,B_0982,0.3920291973,22.40700617,63.10753869,0.555630349,0.6728598844,0.7439891996,0.1641242339,4.389258695,0.7592468725
I_043,C_20,B_0198,0.5271540236,22.16306885,64.06838032,0.4600762275,0.8141600589,0.7957529134,0.2395968799,4.234727109,0.6452957335
I_097,C_16,B_1634,0.6561355281,22.12870427,78.97394185,0.3163437725,0.6778969624,0.6975903404,0.2345710567,4.007044367,0.698315453
I_047,C_23,B_0884,0.6355631102,28.35832523,61.46768837,0.3268359515,0.9224652317,1,0.1933518381,4.44974195,0.7137125049
I_001,C_04,B_0280,0.4252406325,25.92807331,70.30692491,0.5790215213,0.7812381838,0.8208168846,0.30159008,4.594004176,0.6251523685
I_017,C_17,B_0294,0.5364761729,26.31025119,53.46447753,0.3982365642,1,1,0.1953550759,5,0.564139796
I_099,C_14,B_1824,0.7189522131,26.2379848,86.16706221,0.2846647365,0.8257508657,0.7304885584,0.1761769031,4.398826966,0.6857866305
I_007,C_22,B_0401,0.7639597799,31.32891181,79.84913055,0.2377308612,0.7936982365,0.5189905869,0.4465236622,4.659857759,0.9951482297
I_015,C_19,B_0123,0.8906231087,32.83851608,75.83650183,0.1502448079,0.9316954933,0.7655233503,0.3657968318,4.509020353,0.7962972017
I_008,C_17,B_1208,0.7323732402,23.53842011,83.05457633,0.1704807147,0.5886063266,0.8191734977,0.3385076621,3.694490838,0.6760020034
I_071,C_06,B_0203,0.6731652219,26.78065626,50.01574872,0.2863440732,0.8710404492,0.6877072949,0.3805023056,4.61688886,0.8596128401
I_074,C_03,B_1463,0.3846379754,20.29938166,76.95025061,0.6058721123,0.9017080384,0.82595308,0.2408441757,4.067411252,0.5737372226
I_074,C_01,B_0836,0.3,25.44409097,71.81564965,0.7,0.5495121177,0.8491349364,0.2213205951,3.829862286,0.6062041314
I_024,C_17,B_0247,0.6710186021,29.74873094,83.67175935,0.3163673967,0.8894437897,0.7388332907,0.4224031718,3.723217864,0.8197436698
I_056,C_07,B_1440,0.6777631205,39.00536713,92.16559494,0.2992519723,1,0.8787492568,0.1764285364,4.261205672,0.9626835244
I_085,C_14,B_1754,0.6918189664,27.86669185,94.77802386,0.2644087408,0.6362848617,0.7709020951,0.1332098057,4.056103869,0.6418859598
I_023,C_06,B_1902,0.4188503724,27.63660664,85.09750241,0.5074543626,0.6205799987,0.7345296894,0.3903362008,4.695249229,0.6560476553
I_038,C_02,B_1708,0.3,21.87940454,67.36050566,0.6364942172,0.8166726834,0.8124399029,0.01783592376,4.652802009,0.5649026166
I_101,C_20,B_1881,0.3,17.64976566,72.45721773,0.7,0.5681474424,0.7100223201,0.3371963165,3.736226219,0.682310796
I_028,C_05,B_1154,0.5977641668,23.2588874,72.84670254,0.3458314382,0.7034977126,0.4231626183,0.2732019483,4.520351249,0.8144651547
I_096,C_13,B_1662,0.6783144573,28.31309736,69.65574082,0.2678016868,0.9021775808,0.7576894564,0.4124436469,4.603607663,0.9827418134
I_010,C_14,B_1427,0.98,32.33822763,95.41533383,0.1484872919,0.9302589996,0.8299263787,0.3755936726,4.590839018,1
I_066,C_19,B_0385,0.8986876439,33.24895116,89.05277057,0.0751736921,0.7000316391,0.8878128964,0.4012566833,4.100745308,0.833415849
I_034,C_09,B_1759,0.8128185566,35.1399118,88.15768469,0.2307332052,0.8259454494,0.7895155922,0.4481953133,3.709630488,0.8990928168
I_092,C_18,B_0855,0.5264071311,26.16796996,68.74831095,0.4986733891,0.692812962,0.7209689049,0.1825436322,3.721777258,0.6769561952
I_094,C_25,B_1590,0.4625601389,36.0598172,73.79541928,0.4349598289,0.6129568252,0.9296043297,0.04447920874,4.034016742,0.6440422672
I_030,C_11,B_0220,0.8398422482,21.91503655,80.53254035,0.08102238864,1,0.6085634352,0.3928752059,4.89361437,0.9238907854
I_095,C_07,B_0642,0.3549339211,29.48971825,55.08625346,0.5870657414,0.4665475011,0.7957218375,0.5143471474,4.137068535,0.663224036
I_052,C_18,B_0002,0.5215241334,20.12808247,83.51795474,0.5210830204,0.5997347998,0.8485986902,0.2249037847,4.027767107,0.6109250887
I_082,C_03,B_0113,0.6427360283,32.74078494,97.87621452,0.4402425615,0.6993825937,0.8033910375,0.1910549478,4.413990302,0.8576275821
I_105,C_15,B_0699,0.8412504538,27.77709289,90.21518917,0.1946202519,1,0.8536610807,0.2001253308,3.618402949,0.7721711774
I_059,C_17,B_1916,0.4657428376,29.30583508,80.89484267,0.5594006629,0.5297301605,0.5897926211,0.2244340274,3.988586597,0.7920529666
I_120,C_10,B_0952,0.4589399725,24.28158974,70.43767302,0.4700116898,0.6484479346,0.9699334202,0.1599855593,4.398379886,1
I_059,C_05,B_1649,0.4517777972,23.95374664,78.52877329,0.5068911269,0.7508283296,0.7543258048,0.2630279637,4.454187671,0.7706374387
I_092,C_03,B_1637,0.4719927055,26.5205691,70.15168548,0.4506530139,0.6070145095,0.7513664256,0.3571566959,4.662764446,0.8222853354
I_025,C_07,B_1886,0.7265076306,40,84.36004768,0.2032104277,0.9328977694,0.4520775263,0.1892905763,4.182377352,0.9005814587
I_116,C_10,B_1411,0.5524462382,29.74385935,77.56833805,0.3910819511,0.6756700966,0.8109656862,0.3158553498,4.118067078,0.7682300062
I_033,C_20,B_1410,0.6458303332,16.85492101,100,0.3410120441,0.7283782974,0.745964993,0.06211724615,4.614114499,0.5903463907
I_026,C_02,B_1534,0.6213504637,14.84091371,68.16812261,0.3403720131,0.7456678793,0.7669947533,0.1875372262,3.511479003,0.612200358
I_014,C_10,B_1292,0.746425618,22.47351374,82.83126803,0.2608342671,0.9828920616,0.5684340453,0.1299207857,3.699781552,0.8030549126
I_099,C_06,B_1809,0.8072277593,22.98308932,82.83002277,0.1335063186,0.8862593273,1,0.323568349,4.682124247,0.7372056659
I_093,C_03,B_0442,0.7071605035,27.65443113,77.66267931,0.3171690304,0.6502354805,0.9548315151,0.3005099952,3.897143097,1
I_055,C_09,B_1521,0.6689756642,30.56785857,72.1489782,0.2356844934,0.7280711322,0.5591724183,0.4569273154,5,0.6540095517
I_063,C_12,B_1137,0.6830984525,32.91558797,72.11365319,0.3307727763,0.9266909224,0.792640363,0.06879518945,3.685602074,0.8993311048
I_086,C_16,B_1716,0.4252419734,17.91605403,75.7907969,0.6234569347,0.8216641052,1,0.3128154577,4.526928573,0.8280566744
I_092,C_20,B_1257,0.6588286292,28.07205315,83.84308246,0.3421247118,0.9770600061,0.8125212657,0.1860515727,4.214162314,0.6513726894
I_061,C_23,B_1864,0.4745904617,25.50446089,76.73339778,0.5229504129,0.7669831431,0.548785251,0.2543107995,4.242668811,0.5373025793
I_110,C_02,B_1632,0.6969500532,27.51179428,71.10683948,0.3796458171,0.7274211927,0.7506757793,0.2325909295,3.659571401,0.8691215008
I_069,C_24,B_1696,0.7425805924,32.5144673,83.27593176,0.2579399331,0.5848310864,0.9157569247,0.5130487153,4.484734147,0.7418500104
I_070,C_16,B_1398,0.4201619876,21.01454708,72.51860532,0.5928472634,1,0.5682143986,0.2286015071,4.183242192,0.6574419284
I_050,C_10,B_0664,0.3131749237,30.16041887,67.24417145,0.7,0.7830323684,0.5600093516,0.06325217822,3.742766287,0.6973962703
I_073,C_16,B_1836,0.4233419484,28.61326135,51.43000817,0.4829893502,0.5527636729,0.7915138798,0.03050333037,3.213484477,0.6849908608
I_075,C_18,B_1258,0.3373462034,17.03747137,64.44963213,0.7,0.6740873065,0.6273666621,0.1556029894,3.577367968,0.57774293
I_091,C_21,B_1774,0.8235151044,38.27487852,85.09100394,0.1817022572,0.6372516406,0.8517356352,0.188417999,4.439888143,0.8920013111
I_067,C_16,B_1701,0.409367288,21.40108236,81.72631738,0.6472216062,0.671663368,0.6278883215,0.3183344156,3.580374969,0.7338611915
I_019,C_15,B_0318,0.7180477514,30.83033464,66.49296055,0.2356678477,0.6433130854,0.7652853985,0.3869424565,3.914291126,0.8247634446
I_069,C_15,B_0649,0.6231793647,31.04227954,70.60285795,0.4641954824,0.6871747812,0.9793077453,0.18130977,4.300144074,0.8820412231
I_047,C_05,B_1435,0.4770098391,29.1179813,61.06963631,0.4489342463,0.5623124258,0.8677514703,0.1593447888,4.21565931,0.8700237655
I_097,C_11,B_1480,0.7228239704,31.25773931,78.26659083,0.4035950433,0.7686169152,0.8428074409,0.2249237853,3.022082571,0.73722387
I_089,C_22,B_0710,0.4824255609,25.02041185,85.89428638,0.4966447587,0.6512173668,0.6515471986,0.3363111888,4.331386836,0.6482090658
I_015,C_23,B_1383,0.8549982038,26.33119385,83.4243667,0.1699951763,0.9805533124,0.8473909747,0.139143787,4.457997354,0.5567839751
I_019,C_08,B_1283,0.5435473817,21.71365438,70.26799026,0.4663482388,1,0.5048222961,0.3014843945,4.569586192,0.6982173592
I_099,C_18,B_0973,0.6133041023,35.88582093,59.58140662,0.3443774533,0.9506950278,0.5525789049,0.2647717661,4.303243845,1
I_048,C_06,B_0628,0.6094736557,31.70508608,91.83063488,0.3433478409,0.7148365733,0.9712831271,0.3910387322,4.429714526,0.7303977338
I_094,C_13,B_0633,0.6568681139,25.82937618,83.82103049,0.2380071451,0.755351535,0.7460733002,0.1994147114,3.378449941,1
I_023,C_22,B_1307,0.4342578897,21.93512868,63.51287219,0.5112791132,0.7347889702,0.6660719257,0.2159765924,4.486765884,0.6688321719
I_007,C_06,B_1401,0.6242380091,25.37163079,94.72228932,0.3640924102,0.9186769519,0.81317401,0.3630386803,4.371478212,0.7083591817
I_029,C_25,B_1409,0.4559217432,28.98465617,76.43380351,0.5219189254,0.8286664293,0.8832298435,0.3735553147,4.14674568,0.7947673984
I_040,C_11,B_1249,0.6903781452,28.21418525,98.24017916,0.4194110131,0.6369059663,0.9950917526,0.05822035049,4.056137923,0.7713209233
I_025,C_23,B_1953,0.7159591883,20.43908929,76.55353378,0.3503151545,0.7998130769,0.8369384392,0.23826907,4.569278453,0.827029812
I_066,C_21,B_1255,0.8281791003,30.19506713,95.81925727,0.2237865611,0.7431442466,0.8553678511,0.3132598965,4.008525605,0.7597120781
I_031,C_15,B_1497,0.6729959849,28.28557961,76.2347213,0.3043067704,0.8032106953,0.8718226805,0.2449901243,4.459995048,0.7116337769
I_040,C_13,B_1372,0.4739424105,22.62154137,86.78095164,0.6043115494,0.9252013212,0.7836799171,0.2273267488,4.771834811,0.6431836783
I_074,C_23,B_1530,0.3154798348,26.76165469,80.564375,0.7,1,0.8304176004,0.1342505127,4.043770245,0.5322609226
I_078,C_21,B_1664,0.5490620121,31.17800222,67.0144459,0.4561065499,0.7306294448,0.5231353893,0,3.619748378,0.7269024807
I_014,C_24,B_1355,0.6403355048,28.86932698,78.51679811,0.3606165061,0.9616218553,0.6660197668,0.2429840292,4.264836064,0.8200521713
I_059,C_13,B_1926,0.5471616271,23.92291053,74.27094178,0.4423629634,0.5609379311,0.6413081458,0.1206273956,4.086750478,0.5062911321
I_017,C_23,B_1901,0.6648718625,25.80559811,84.70852992,0.2585346115,0.7309710749,0.4386050886,0.1538641679,4.613665626,0.8890831173
I_057,C_23,B_1644,0.7045148292,30.22238948,86.55613374,0.3478382801,0.8239694773,0.8717611722,0.2350177132,4.013900529,0.7984611914
I_003,C_05,B_1849,0.9271852196,38.06594044,97.25827186,0.09125240725,1,0.8894483805,0.1879745928,4.280071079,0.7351380192
I_009,C_21,B_0796,0.5620195727,32.54262866,84.46316959,0.4639387649,0.6005713828,0.7834581027,0.2601972556,4.639882162,0.6426494876
I_096,C_01,B_0646,0.7429443838,37.43215326,89.01238996,0.2985038967,1,0.5013166288,0.1711834381,4.874536338,0.9655613289
I_039,C_11,B_1013,0.5809755484,35.53259713,78.86074319,0.4782461886,0.8683552377,0.7517347433,0.2956414403,4.292023514,0.8405935384
I_001,C_03,B_1840,0.5138492796,27.281641,76.33315217,0.5226107822,0.7905232315,0.9331657505,0.1816909206,3.929713908,0.8695384487
I_099,C_15,B_0557,0.6471887007,38.61613952,70.05027454,0.3522346672,0.7544297607,0.9027418704,0.1513805769,4.624380106,0.9810936477
I_012,C_12,B_0682,0.405777378,25.32227513,73.19340416,0.7,0.7640838254,0.9452900123,0.1996101432,3.788542244,0.6235162137
I_062,C_05,B_0578,0.436380904,22.26954207,87.75092935,0.5521156609,0.7248584186,0.8389818512,0.18927268,4.529261833,0.7217302377
I_082,C_09,B_1110,0.5964382181,31.63665359,81.15313315,0.3666129653,0.9710589602,0.760400037,0.4309737586,4.578290221,1
I_051,C_05,B_1267,0.7749398995,34.32475103,88.56860373,0.1934106272,1,0.6742405226,0.368454845,4.952662007,0.9355684739
I_059,C_03,B_1723,0.5556030542,31.88419566,70.86122235,0.4729580202,0.9938052387,0.6984436568,0.290408122,3.507219756,0.6349057315
I_039,C_03,B_1184,0.5843892716,28.16224895,73.02944887,0.4401714814,0.9207674094,0.7221481062,0.2845747657,4.639719182,0.8105667927
I_025,C_12,B_0525,0.6712197399,30.21404947,75.87005059,0.3529367193,0.7262507886,0.811814739,0.3035290116,4.38333242,0.8907080813
I_106,C_07,B_1060,0.6012538621,34.87063811,77.62060435,0.4393271273,0.9726430099,0.7722692805,0.2416952047,4.489321645,0.680348511
I_101,C_17,B_0541,0.4542746447,23.39128291,85.79080818,0.5214573839,0.7338717041,0.6104136353,0.2232960885,4.413669832,0.4464670897
I_025,C_21,B_1195,0.7071595753,35.18814528,87.09543417,0.2771967266,0.8739095876,0.5958076498,0.5722927218,4.510950113,0.9598498925
I_082,C_05,B_1679,0.616640177,29.532234,95.82239951,0.368170478,0.7299268085,0.6258019212,0.3075426347,4.393440399,0.9573677238
I_059,C_01,B_0749,0.4356497805,29.09875241,77.24250242,0.526670445,0.5843142987,1,0.2211619994,3.816093031,0.6974125085
I_108,C_01,B_1852,0.7257001678,32.54909946,93.67089608,0.3171805161,1,0.81680218,0.2840070116,3.858777029,0.7599493534
I_118,C_20,B_1431,0.6452192358,25.47777179,91.39868325,0.3897099509,0.9603891875,1,0.08079466255,4.895278083,0.847369652
I_017,C_24,B_0485,0.6529434652,31.3126239,86.77309297,0.3848461389,0.6785861239,0.628310607,0.3268344237,4.48978899,0.9105483386
I_038,C_07,B_1758,0.4039910123,19.75766713,86.0728483,0.6532921078,0.5942975989,0.5355284155,0.2669704151,4.332617118,0.6613038489
I_044,C_15,B_0096,0.3314028428,20.33960711,55.03489555,0.7,0.5694648303,0.6158256987,0.2842782791,4.244354596,0.4768892557
I_065,C_10,B_1021,0.4864821219,23.86024311,95.7597016,0.5438265434,0.6772258629,0.5653652019,0.4720256851,3.933326187,0.7179474875
I_106,C_23,B_0564,0.4514161489,24.18488786,100,0.5473556407,0.7090877968,0.4863397915,0.2278257347,3.997078336,0.5405297884
I_120,C_22,B_1265,0.5380088089,36.53404057,80.90641893,0.4629390981,0.7605157266,0.9570199893,0.03018141619,4.157183633,0.7415656864
I_062,C_04,B_0743,0.4388320776,31.57350684,70.9349336,0.5048211543,0.7970514389,0.9298819447,0.257612766,3.797468147,0.8381394747
I_006,C_12,B_0864,0.4760061323,28.41103619,57.95506243,0.5084722388,0.7766974845,0.433630822,0.139509363,4.112784298,0.8922521885
I_049,C_06,B_1599,0.6569409594,26.89561053,86.78438774,0.307855616,0.7210507444,0.7582000946,0.2199347339,4.567592662,0.6938325783
I_116,C_23,B_1715,0.6240481564,25.8996702,66.27251401,0.3558643138,0.778802073,0.9365681174,0.2697464181,4.094434244,0.8045204033
I_076,C_21,B_1485,0.5199235138,14.66617572,70.94969892,0.5459733718,0.6708706698,0.7119759979,0.3794318531,3.985933212,0.4017679537
I_054,C_03,B_0892,0.8347565645,29.2485088,66.77176076,0.13532404,0.7879331265,0.8343675018,0.2654238777,3.984023839,0.6377946325
I_020,C_15,B_1578,0.5471624784,28.4038612,93.98819323,0.4657164679,0.7415907573,0.4824367122,0.08251709591,4.812950686,0.7995271661
I_103,C_16,B_1039,0.8294752349,25.122861,86.88826918,0.1037085058,0.6638587589,1,0.1325522696,4.669381859,0.8130245231
I_028,C_11,B_0207,0.4568061346,26.03654666,90.05794279,0.5113589272,0.867318205,0.8430299463,0.2562913909,3.836084836,0.8179516363
I_068,C_21,B_0393,0.4837482226,25.25810067,76.45747039,0.4279788761,0.7748581844,0.7641014159,0.2082157653,3.599622456,0.668105623
I_076,C_23,B_0795,0.6074936274,20.49770841,79.20557236,0.3893544811,0.9776410593,0.6839206101,0.1851251559,4.225524802,0.8902729602
I_047,C_20,B_0871,0.5598941376,22.50177658,84.4549578,0.4769453679,0.4800964594,0.6086465517,0.3533590009,4.060381418,0.8054349578
I_020,C_06,B_0398,0.528474922,31.0391244,66.53796557,0.4383772871,0.8250308044,0.9461973699,0.2547372769,4.010444339,0.4265420906
I_117,C_10,B_0767,0.7544791881,27.34200637,78.31149563,0.2711760738,0.8278401811,0.8556909539,0.1092294373,4.537967375,0.6528366396
I_061,C_14,B_1842,0.5388026144,20.37098069,65.34708878,0.4846724982,0.7689931623,0.7149859759,0.2394674467,3.638739912,0.5755402076
I_024,C_14,B_1242,0.5974307867,40,84.05170437,0.4542824089,0.7565579227,0.8925929783,0.3625079517,4.976206539,0.8968406319
I_112,C_23,B_1029,0.4289873189,29.74013991,81.21569528,0.5171698047,0.6518959423,0.7195007011,0.2597430251,3.817245529,0.5727275576
I_065,C_03,B_1793,0.5361699155,25.69956157,59.70639621,0.4735109092,0.8919397283,0.7319054692,0.362165327,3.955932279,0.5866779123
I_010,C_25,B_0643,0.98,35.64654573,100,0.02,0.9902207575,0.8108820909,0.3109265536,4.698923762,0.9693285409
I_026,C_22,B_1892,0.4381706242,25.19585791,88.03089622,0.5317191667,0.8722712609,0.7318365524,0.2945809418,3.875885205,0.8421219596
I_029,C_01,B_0613,0.6305124579,26.94760449,89.93277203,0.3165726637,0.5537411975,0.5807698367,0.1869328576,4.002801546,0.4370061721
I_102,C_18,B_1763,0.666717796,28.75058852,93.59054917,0.3230278194,0.9088492949,0.6038382822,0.3347251832,4.310127861,0.7874342354
I_085,C_03,B_0961,0.588928836,30.18520221,79.80245753,0.4335294917,0.8238867324,0.59400669,0.2238336698,4.116190444,0.7352615889
I_085,C_07,B_1571,0.6801234575,21.05381954,94.28659534,0.3011059806,0.6562444059,0.7619498115,0.2825549899,4.249661381,0.9645851595
I_096,C_02,B_0726,0.7360597826,24.60471787,89.35158627,0.2115488322,0.7409191595,0.8368427162,0.2978429479,3.905345753,0.450184278
I_046,C_15,B_0684,0.5708445248,30.94122984,69.27382125,0.5365867515,0.5378897014,0.6967624604,0.1793292221,3.53284928,0.6929420381
I_062,C_05,B_0099,0.63314146,25.92214,60.70255252,0.277093213,1,0.891261718,0.2947947599,4.543433799,0.6267882347
I_040,C_10,B_0805,0.7976342314,40,95.55902291,0.1848222475,0.8150926818,0.6978849088,0.213829152,3.445691333,0.7451482749
I_070,C_14,B_1752,0.3,18.74888477,85.87804661,0.7,0.7732091334,0.8247299718,0.266291623,3.415780948,0.6228312628
I_029,C_03,B_1598,0.3767045322,29.1982738,88.344285,0.6426984262,0.7271477936,0.6894214379,0.1015914838,3.848214957,0.661685523
I_059,C_19,B_0407,0.4538121263,28.78046166,67.12416893,0.4917723861,0.9192777034,0.8954485867,0.3974075263,4.70240894,0.7235651511
I_007,C_08,B_0503,0.8130223192,28.93621413,75.53861373,0.1930042325,0.7470097111,0.8270731059,0.361548436,3.82564184,0.8670340664
I_088,C_23,B_1072,0.4217711371,29.64713605,77.17883929,0.6206564074,0.8825293967,0.5028405723,0.3198307774,3.91889639,0.9136063019
I_079,C_07,B_1057,0.6718825961,31.56744072,78.61085307,0.3779097002,0.7449819194,0.8770636273,0.1460332974,4.431724272,0.8467517388
I_084,C_25,B_0930,0.8210800703,24.82414837,83.43106751,0.1819198901,0.9504402559,0.7948452395,0.1600258957,4.219075106,0.6749663427
I_109,C_25,B_0780,0.6791473873,19.42350542,78.1244375,0.430179738,0.7409171194,0.8139590853,0.09281950945,4.286257871,0.8860389715
I_013,C_11,B_0201,0.9467538983,21.09368413,100,0.04774109713,0.7389459213,0.6973549393,0.3220808908,4.150573619,0.8606079065
I_011,C_04,B_0135,0.6385625019,35.76964044,60.95959578,0.4116711116,0.8198809125,0.7403975871,0.3115104456,4.02219728,0.6076691988
I_098,C_07,B_1052,0.5043269903,26.99059301,100,0.4889299128,0.817857715,0.9084212059,0.1743861479,4.147535347,0.5987560471
I_092,C_10,B_0041,0.5508793963,22.13203009,84.78971882,0.3429759635,0.8221266486,0.5274117828,0.218018681,4.668035331,0.9852656904
I_003,C_05,B_1018,0.9075528608,32.91489769,100,0.0390805281,0.7377330482,0.6297945136,0.3369728812,4.830009305,0.7013738467
I_062,C_24,B_0231,0.7233708968,30.73252741,73.88109261,0.336835107,0.7610227802,0.7647187154,0.2063056336,4.339111441,0.6864282777
I_036,C_17,B_1514,0.4509539437,22.64211522,78.02614694,0.5678453763,0.6944800193,0.6290865341,0.1453308415,3.953744656,0.7776554764
I_115,C_20,B_1797,0.5493279157,32.8802745,73.64704356,0.4803347625,0.6971335289,0.5933990111,0.2168932309,4.586829977,0.774750612
I_099,C_12,B_0379,0.7202639641,30.17140807,88.93042692,0.1997103869,0.5451429067,0.79564537,0.2726150698,4.497520306,0.839965248
I_119,C_02,B_0289,0.430859578,31.49809406,97.02944261,0.5611741402,0.7041489872,0.7896054331,0.2548709549,4.34723905,0.896126431
I_008,C_04,B_0419,0.5947644686,30.25883469,84.31995677,0.4471429478,0.8606836106,0.6163731933,0.1843047759,4.341190594,0.8719181891
I_106,C_03,B_1699,0.5507786623,17.93550772,79.8264562,0.4857831627,0.8134260588,0.6373868289,0.1652068566,3.665204242,0.9090886157
I_033,C_23,B_0392,0.6345337489,19.66318034,72.7851294,0.3018813396,0.9537570641,0.8216893159,0.2458998146,3.581792698,0.6047733596
I_109,C_08,B_0593,0.6746636126,28.9393632,85.35377934,0.2995555209,0.7804745527,0.5409791698,0.4558940033,3.906364439,0.8654179829
I_040,C_18,B_1523,0.6322790317,29.96450034,61.49945252,0.3909525939,0.6512326408,0.836002658,0.2058824186,3.383496009,0.7705996481
I_056,C_19,B_1163,0.6720882845,31.54504119,83.6073266,0.255505345,0.7039377732,0.7522024587,0.2021972323,3.821563214,0.8304628678
I_080,C_17,B_1087,0.4393158869,28.16174151,87.64447234,0.5429768788,0.9276203122,0.6261840878,0.2977469261,4.091451958,0.6838516216
I_092,C_24,B_1496,0.5329839804,26.0532107,76.6721372,0.4333502433,0.9381269714,0.6398864535,0.2331267646,4.553672208,0.4152516206
I_120,C_07,B_0648,0.576378078,26.40927775,75.83573472,0.4818046232,0.9559454961,0.7192242201,0.3079359875,3.466089349,0.9366106083
I_090,C_17,B_1153,0.6638739648,29.52351751,81.98309034,0.3150368067,0.8001003697,0.83020675,0.3510627158,3.9131971,0.6369477197
I_109,C_14,B_1368,0.6606033828,30.28526276,81.16535679,0.2666456328,0.7435271379,0.8084366651,0.1362855072,4.633582637,0.8868786246
I_087,C_24,B_0521,0.7196915666,35.31363581,84.84976794,0.2444717962,0.7872166505,0.9379578998,0.2971195694,4.457824294,0.6341531118
I_049,C_13,B_1863,0.7480860939,22.55500658,64.70857717,0.2613887965,0.8911234416,0.7239816717,0.2636481484,4.672038842,0.7260448814
I_014,C_24,B_0065,0.5665377626,27.35313518,80.97536893,0.4243921218,0.7890058639,0.6823281984,0.4112439032,5,0.7651870925
I_073,C_17,B_1837,0.5208516844,24.37501869,80.04945258,0.4539237247,0.4557123897,0.6023388122,0.1738061037,4.310052544,0.5917233831
I_117,C_25,B_0015,0.7026589737,27.21295657,93.62975867,0.3523277396,0.8379542238,0.7629969131,0.4477455443,5,0.8927179812
I_101,C_02,B_1181,0.7076014923,24.7372724,46.7698779,0.3021508882,0.8399413441,0.4764685799,0.2724896877,4.981497935,0.6321826515
I_004,C_02,B_1065,0.5064181198,19.73728665,71.85872381,0.5066242873,0.5694506802,0.6619079784,0.1443344619,3.445743463,0.584157543
I_093,C_22,B_0493,0.5979246346,29.02906583,69.61682327,0.3918082782,0.9038898675,0.7758861751,0.1413455912,4.705781195,0.8803853503
I_025,C_23,B_0380,0.7680470535,34.98669515,78.02015132,0.1907103325,0.8477249371,0.8188670158,0.1174825605,4.03853375,0.7953175799
I_113,C_01,B_0188,0.3,23.83039133,66.74249606,0.7,0.9880823092,0.5436668121,0.2044005085,3.425554882,0.8547916648
I_083,C_10,B_0764,0.5267747628,24.46573316,66.90970458,0.465253152,0.6841315662,0.6271029838,0.2172486837,4.119899777,0.6599088341
I_108,C_07,B_0217,0.6987537471,32.91211589,62.84625649,0.2886414356,0.8116141439,0.8531373638,0.3146560551,4.085317151,0.5846467948
I_075,C_12,B_0792,0.4300601297,23.42854249,57.42516783,0.4952080947,0.4668593422,0.936362082,0.1252238872,3.797967042,0.7226687622
I_066,C_13,B_1077,0.6962576592,30.69819782,73.31167985,0.388751979,0.8707177052,0.8632857146,0.1560322749,4.115688468,0.6828625164
I_099,C_25,B_0879,0.7040893356,27.1522567,86.23143277,0.3222240483,0.809147806,0.7952042459,0.3230679625,4.546876075,0.7051255874
I_042,C_02,B_0338,0.551145713,33.5747052,86.01144879,0.345910753,0.91542297,0.7696545446,0.2097831175,3.973707036,0.7736336362
I_006,C_04,B_1773,0.5164892524,24.17791028,64.17942438,0.4897000999,0.6411500893,0.6711891639,0.2535353105,3.869624611,0.4866373479
I_099,C_03,B_0720,0.6439201095,32.94176088,81.51178886,0.4334196698,0.960375178,0.6597972271,0.2351204473,4.924066285,0.7567140264
I_087,C_25,B_1749,0.8451969894,40,95.54609287,0.1768031994,0.8797132977,0.7827897494,0.2110626691,4.412412897,0.5161611185
I_024,C_21,B_0296,0.6393011161,27.10322612,83.70665838,0.3839428869,0.646344555,0.6765606913,0.4157080985,4.576257162,0.5940884386
I_096,C_16,B_1726,0.6596987571,26.92892632,84.13207929,0.3598927434,0.9133420774,0.8311815704,0.2291076604,4.154190411,0.6899375941
I_118,C_19,B_1017,0.6637957144,30.11229766,80.85276659,0.4216823138,0.7503714677,0.7366272382,0.2132713452,4.619683657,0.5418379876
I_045,C_15,B_1276,0.4442009472,19.4223987,56.78249705,0.5477177154,0.5550252681,0.4761939014,0.06259324512,4.090219046,0.7680996014
I_075,C_21,B_1751,0.3178011884,16.59846177,53.71719843,0.690180643,0.5176711877,0.7690868005,0.1094977073,3.465048046,0.6219298503
I_108,C_04,B_1486,0.5539396635,40,74.09377684,0.4167822349,0.7967324769,0.8141202508,0.0527885701,4.774216285,0.6268708179
I_060,C_14,B_0456,0.7667852165,27.62404195,75.54525061,0.2141197838,0.6665412931,0.6375970644,0.1285777003,4.652555685,0.8087167892
I_049,C_19,B_1997,0.6751909677,21.06315361,75.15817529,0.4014148021,0.7861954479,0.9180345553,0.3543141612,3.949714104,0.8257582366
I_008,C_03,B_0816,0.5821453946,25.45451939,61.27442243,0.4192591064,0.6659517811,0.7639165378,0.1962830908,4.718569518,0.7700717666
I_082,C_04,B_1887,0.7046643168,29.88206839,100,0.2289641679,0.7990404599,0.9407647169,0.2123233084,4.573841118,0.7849009057
I_059,C_03,B_0270,0.5353503579,28.06439616,81.74360869,0.4834765411,0.4586469027,0.6891211908,0.1728446193,4.393388665,0.6531081348
I_078,C_13,B_0996,0.6120222562,40,68.13615927,0.3597216974,0.8759535776,0.7524833442,0.3087479441,4.370723425,0.734624202
I_032,C_01,B_0202,0.5117945767,22.07638349,61.10381479,0.5214583273,1,0.8224756308,0.07742160307,3.849295093,0.5380997498
I_086,C_08,B_0162,0.4775244223,27.22486138,80.16476324,0.5322636779,0.6589855165,0.953448381,0.07839755811,4.34920928,0.9137653073
I_086,C_08,B_1580,0.5302996397,31.01372384,66.41145118,0.4453506144,0.7306261805,0.7436567642,0.2576980674,4.215722616,0.574026162
I_096,C_25,B_0730,0.5926833685,24.76050641,85.50438192,0.3843382259,0.7869082805,0.7388328256,0.2693107686,4.826319405,0.6480703589
I_067,C_05,B_0402,0.3405769169,19.26638539,60.60719457,0.6946722721,0.6388861249,0.3402658435,0.1935746863,3.844934577,0.6410125442
I_117,C_04,B_0703,0.8041353409,21.07625492,90.38452773,0.180093219,1,0.9196617872,0.402445512,4.356039034,0.787380879
I_029,C_10,B_1501,0.3594707079,27.93688037,68.0068937,0.619136888,0.6623000815,0.9119532661,0.1655847811,5,0.6839528205
I_025,C_05,B_1846,0.9296041714,27.38103396,86.97103277,0.1076342852,0.9572970139,0.8235455599,0.2372044083,4.17641522,0.8549417057
I_036,C_09,B_1796,0.4117125261,21.48134912,56.96957977,0.5988655769,0.725195835,0.5259578652,0.2436981406,4.225149809,0.6095433359
I_026,C_15,B_1130,0.4176086698,28.8520856,86.28966978,0.6186119183,0.6365268555,0.7283883307,0.3301783475,3.938831511,0.8444614046
I_019,C_20,B_0566,0.3680369163,31.05600335,87.80615032,0.5713710162,0.4731907551,0.9061000532,0.08946942611,3.593642475,0.6821017379
I_027,C_13,B_1414,0.4819603375,27.7877818,80.82763249,0.3900605748,0.9920438617,0.7086088033,0.0838573406,3.568392268,0.897067452
I_054,C_25,B_1022,0.6501000673,19.63608513,65.2941649,0.3129700536,0.5475990233,0.757208768,0.406629633,4.91591955,0.900211077
I_094,C_24,B_1026,0.689772657,28.98363579,70.76727768,0.2866924909,0.8536882716,0.5273555924,0.175807159,4.203097348,0.9408098802
I_094,C_18,B_1412,0.5967286359,28.09484938,78.45330189,0.5035152735,0.7155090102,0.6352835342,0.1090866498,4.364812431,0.6117247879
I_047,C_02,B_1896,0.4958510819,33.28945115,76.64518243,0.5561346619,0.9541346389,0.6825881234,0.2434620976,3.765943529,0.8473655461
I_071,C_09,B_1586,0.4333075401,34.35590682,56.11862505,0.553957039,0.8987618201,0.8171905374,0.2047355384,3.873040021,0.9059531204
I_061,C_10,B_1105,0.3889619322,31.38480901,76.84020485,0.5551515597,0.6001966941,0.5531888567,0.244118131,3.73092781,0.5430312963
I_086,C_19,B_0206,0.5515629512,19.1400045,57.85410835,0.5174428453,0.6295738489,0.7142824287,0.3690429325,3.430029596,1
I_108,C_20,B_0035,0.7319954725,30.99413971,79.96397074,0.2800586234,0.8569272685,0.6345713816,0.4754779707,4.424715491,0.6100648869
I_023,C_19,B_0776,0.5126288593,19.49458936,74.62008373,0.4562335839,0.7987509661,0.6593271383,0.1616289123,3.655034707,0.6909118687
I_008,C_20,B_0509,0.5081937406,24.41307021,91.83102565,0.5240323578,0.920064398,0.7366150967,0.2599934834,4.129114252,0.7157431282
I_095,C_25,B_1452,0.5007824664,18.36489463,79.68439916,0.4197866907,0.7057255635,0.4390095064,0.3062318198,3.915184176,0.766741407
I_089,C_24,B_1479,0.3,26.92943323,71.50854457,0.7,0.6575850209,0.7069562363,0.1761858458,4.172483724,0.6425000066
I_032,C_21,B_1971,0.4779932626,21.82958016,72.72085109,0.5492003166,0.5792080042,0.5437329521,0.4711454876,4.335393012,0.7886122568
I_078,C_22,B_1391,0.4407353188,22.19244602,71.95977317,0.6181407309,0.8581698949,0.8492660838,0.01507068142,4.122748308,0.8238658532
I_093,C_05,B_0092,0.6336733032,26.82628241,82.8787389,0.4195324995,0.5992400162,0.7320171776,0.4187787414,4.513769969,0.9042115395
I_026,C_18,B_1364,0.6254094629,29.89463751,72.09699531,0.3519380493,0.8035980571,0.7728923071,0.2463397586,3.780521074,0.596605629
I_075,C_22,B_0898,0.3692663606,24.19082748,76.71402116,0.5348199881,0.6480894266,0.830167353,0.09834854248,3.487367972,0.7012801159
I_030,C_13,B_0565,0.5303778713,29.18163112,82.65062695,0.5138644114,0.929764802,0.6896597885,0.4001274562,3.902124486,0.9470520691
I_089,C_22,B_1370,0.4888559446,22.31076154,67.22196686,0.5568324693,0.6814578073,0.6406066428,0.2302998554,4.476765429,0.6277609596
I_016,C_04,B_0777,0.6877153359,30.898289,88.83245951,0.3251625237,1,1,0.1828430604,3.74224181,0.6328032569
I_037,C_01,B_0242,0.846724105,40,97.43280249,0.09137772639,1,0.8815759386,0.3452715949,4.332894781,0.8459768795
I_088,C_17,B_0014,0.5973249726,28.51491186,83.57686065,0.3483307922,0.807870404,0.7347812259,0.2296404432,4.788153684,0.7782390877
I_090,C_25,B_0316,0.7501427833,24.18269011,87.37180804,0.288415487,0.8295247597,0.5624993701,0.2121989138,4.667060045,0.649387713
I_069,C_01,B_0601,0.6469333567,19.57694445,84.26405273,0.310017538,0.8106794395,0.8275987906,0.2184173428,4.060258614,0.9341821973
I_080,C_14,B_0388,0.6760691166,21.92164676,57.02756565,0.2597032629,0.6973523589,1,0.2423895687,3.889895634,0.7161096473
I_077,C_14,B_1298,0.5694432329,35.40320418,77.8758057,0.3890489894,0.5800981007,0.7916573123,0.2337851208,4.138869452,0.7088310567
I_101,C_16,B_0167,0.3883721778,24.89022473,78.49569875,0.6102883635,0.7856626496,0.5758925004,0.2943916472,3.502543693,0.4983403402
I_045,C_01,B_0841,0.3,23.91828534,69.27653802,0.5695615633,0.6470762294,0.5344097977,0.07676802703,3.306172969,0.8191769848
I_053,C_11,B_0021,0.4595078931,21.44787676,80.1255649,0.5267150696,0.6531796777,0.5564696143,0.3319991307,3.898943936,0.7519087304
I_001,C_12,B_0647,0.5655584676,19.29514072,83.04633835,0.4178875339,0.6782772028,0.6073457823,0.1935576799,4.75604426,0.6021246861
I_043,C_18,B_1843,0.6898982644,25.12188061,87.20353652,0.2349565215,0.7718957268,0.612098947,0.5331707878,4.622801398,0.5285400394
I_046,C_05,B_1509,0.7172020771,30.58067423,67.41227923,0.3766304945,0.8044820444,0.4364600719,0.2390775763,4.499039801,0.7092846668
I_087,C_20,B_1155,0.8445696662,27.24792523,96.82528288,0.1833256487,1,0.8939272518,0.2261277032,4.425522147,0.735938014
I_009,C_22,B_1529,0.7198830023,28.66895698,73.27740416,0.2435468726,0.6307130406,1,0.2917679643,4.068881579,0.9314132815
I_108,C_14,B_0832,0.5571674738,30.6894008,52.86034559,0.4355138058,0.9689580768,0.9776678946,0.3689038404,3.76581271,0.8924839071
I_062,C_01,B_1268,0.6551554327,30.95832815,67.1090863,0.3398248679,0.7332226278,0.7965189571,0.2237823941,3.649531157,0.4849689595
I_087,C_24,B_1591,0.6921789395,28.11257945,90.07792245,0.32006972,0.9441675493,0.7294215471,0.1845472127,4.158694026,0.8156351742
I_071,C_08,B_1900,0.7137692043,29.68397229,80.28314668,0.2754086158,0.9294187575,0.5566285997,0.3252802703,4.375815056,0.6680490223
I_114,C_20,B_0563,0.5349271548,32.95081085,78.50827481,0.5432156315,0.994054746,0.9335272291,0.2752648079,4.465655709,0.8022144998
I_086,C_07,B_1952,0.5248711736,17.81405606,64.79453954,0.5202310217,0.6979496272,0.8167505722,0.1915485712,3.862052688,0.5849852361
I_114,C_23,B_0687,0.6920114697,30.1987453,66.45207057,0.2624746767,0.5482998066,0.7494875464,0.2187805583,4.780310238,0.8899888837
I_111,C_10,B_0958,0.5154622095,26.08067394,67.07702642,0.523009511,0.6629033018,0.7318466437,0.3431325179,4.850049101,1
I_096,C_24,B_0190,0.6399330139,25.25980918,87.20860399,0.3160379559,0.8300560587,0.8288333131,0.2952731681,3.909907478,1
I_039,C_14,B_1807,0.5005360419,28.87301941,83.25818405,0.4715422738,0.5162420568,0.4847624158,0.2028241609,4.02338113,0.7253321136
I_112,C_18,B_0976,0.5352257298,29.82749811,61.92478531,0.5091291053,0.7073469875,0.7670245941,0.03902394632,4.36131783,0.8680341208
I_007,C_21,B_0700,0.6131730785,28.4698067,77.69762432,0.3737157867,0.7979208362,0.6828666069,0.3549225014,3.354087885,0.8876995018
I_051,C_21,B_1500,0.8834655964,27.59094107,67.82476947,0.09075236592,0.8839945368,0.7852604795,0.2043697322,4.415843913,0.7659126218
I_005,C_03,B_1706,0.6829202689,31.0126849,86.62426238,0.3459946323,0.8396811677,0.936610485,0.311342827,3.871160095,0.8936926822
I_016,C_11,B_0511,0.5578908856,24.86256631,95.78117801,0.4333399518,0.6265242999,0.7537043092,0.2430674284,3.39298761,0.7106165281
I_115,C_18,B_1083,0.6369550179,22.29005472,79.22436578,0.4051815906,0.6316986362,0.8176513875,0.4033345267,4.352786157,0.7199662885
I_114,C_17,B_0475,0.8471145438,25.59938254,76.76270718,0.1508116232,0.5529907022,0.9271151087,0.4995218018,4.669314722,0.9016218541
I_049,C_14,B_1585,0.5530915214,31.30832555,66.0543348,0.4363560653,0.8451789709,0.8291115833,0.2013389506,4.117056705,1
I_063,C_22,B_0857,0.5288580431,32.14790127,75.21330355,0.3947964671,1,0.6845431083,0.3243853826,4.171539624,0.6487261442
I_013,C_22,B_0748,0.796033865,34.30834585,90.4924204,0.1871234868,0.9093410573,0.9039705375,0.1315609585,4.647246986,0.8735911968
I_088,C_12,B_0253,0.6348832777,31.0729913,86.18880375,0.268805964,0.5033433342,0.5711806071,0.3269447174,4.404463795,0.9740493536
I_002,C_06,B_0022,0.8677252134,33.38995393,76.70633532,0.1298826082,1,0.9140548098,0.3197782459,4.983547741,0.8809843542
I_075,C_22,B_1338,0.3,21.30160614,62.53363083,0.7,0.5484457376,0.4836370406,0,3.819503245,0.5914502809
I_085,C_05,B_0460,0.8748279258,35.14618689,75.82472376,0.06734646405,1,1,0.261366273,4.694178213,0.8113964059
I_057,C_17,B_1185,0.5006890416,26.12124476,69.84644037,0.5785759281,0.6417506622,0.7050888969,0.3148307565,4.40337781,0.6051145337
I_101,C_17,B_0277,0.4562307602,22.49358372,56.59940491,0.5556560526,0.6474040706,0.6259891751,0.2394540712,3.862572545,1
I_018,C_03,B_0956,0.7210150217,35.67530587,96.45883784,0.3176226712,0.935932273,0.7526286805,0.4432200345,4.24259656,0.6319211423
I_006,C_25,B_1216,0.5329630466,21.4168255,77.26472347,0.4473658064,0.6956727734,0.6443052255,0.2238628409,4.252687958,0.3527472898
I_054,C_19,B_0386,0.6322463964,24.53778437,85.11596666,0.3222045478,0.5952314286,0.510327909,0.2129102333,3.68315239,0.4336641828
I_042,C_09,B_0806,0.6643558925,33.01922697,77.47276382,0.3476181943,0.6985251618,0.6922590915,0.3357354423,4.167850919,0.863381443
I_088,C_04,B_1438,0.428780672,28.91701742,79.24139757,0.5694484858,0.5167928112,0.7613179276,0.2425083094,4.175409399,0.5270669777
I_087,C_19,B_1516,0.7174880465,35.99000244,74.33001598,0.2628937612,0.8695046404,0.6274768059,0.3011044186,4.760779092,0.9725761826
I_116,C_02,B_0344,0.4888280793,23.5527401,98.46223833,0.5227127,0.6697657362,0.7342118963,0.3977352512,4.503988404,0.9442764533
I_012,C_16,B_0770,0.4125461963,25.43578916,78.15085082,0.6132485283,0.8562807797,0.7751734357,0.1673263516,4.100212539,0.8637305822
I_108,C_22,B_1333,0.3910313607,19.15302603,50.13926041,0.5777676216,0.7857069319,0.8545377457,0.3437812189,4.900714364,0.62198143
I_019,C_19,B_1686,0.4571672562,24.39007704,92.88940431,0.603149109,0.9699385293,0.8315480981,0.1686349976,3.770968816,0.8460224456
I_108,C_13,B_0131,0.7494621287,22.19974186,94.48269834,0.202737968,0.4338453814,0.7882477717,0,3.488535365,0.7691879385
I_019,C_25,B_1688,0.463683645,31.47937756,71.96466785,0.6382434247,0.7782318787,0.7834741366,0.200348556,3.710028314,0.5904552612
I_021,C_08,B_0872,0.6935085095,31.0831972,79.52246839,0.2101789369,0.8644693726,0.6875246622,0.2055565197,4.579363526,0.8561874518
I_049,C_23,B_1124,0.6206370657,31.49028867,86.3310338,0.3888051333,0.8543410607,0.8791451275,0.2635679383,3.460781246,0.8461757255
I_051,C_20,B_1397,0.8218546159,37.64076036,94.17084913,0.1624393792,0.6214891022,0.9914285387,0.4209730387,3.840259566,0.7364367019
I_054,C_09,B_0088,0.72484145,25.44385704,69.33945878,0.26908843,0.7842949385,0.97070994,0.2439436406,4.291310312,0.7802995666
I_060,C_11,B_1483,0.6767731782,28.35788754,76.14442544,0.2934907681,0.888529211,0.8243027112,0.3651756108,5,1
I_092,C_09,B_0331,0.7610745223,27.2785586,92.29563114,0.2923376652,0.950710215,0.5414709598,0.2102638529,4.743424476,0.6794832883
I_062,C_08,B_1239,0.5779686117,30.0396653,95.42905879,0.3796049222,0.9023659794,0.8585650689,0.420008017,4.108054449,0.7111042278
I_106,C_14,B_0467,0.6167071669,34.83595853,92.06523279,0.3587251191,0.6459920617,0.7648505338,0.1153969759,4.242821865,0.5226959607
I_029,C_24,B_0122,0.4586030767,25.14948835,60.38683659,0.5833511654,0.8937506737,0.9368084592,0.3579025253,4.502664752,0.8179344269
I_050,C_11,B_1639,0.3,22.41898465,67.06648876,0.7,0.6350863234,0.7589027393,0.1813220444,3.742066771,0.648445255
I_098,C_17,B_1045,0.6140773053,26.23290258,64.15160797,0.3846662523,0.949056945,0.6284445517,0.2252413446,3.994622865,0.9246170201
I_087,C_20,B_1725,0.7653488473,33.35952093,94.99823468,0.1933789579,1,0.7724916958,0.4397840243,4.11245435,0.6590642808
I_056,C_02,B_1096,0.5937316365,28.05803191,79.8059134,0.387208459,0.9412261556,0.7154048351,0.1743801293,4.504251286,0.8384706585
I_047,C_17,B_1131,0.5893085551,19.22797885,46.24202252,0.4334368749,0.8487564818,0.641781154,0.2616559987,4.339478047,0.6431155366
I_037,C_25,B_1295,0.98,36.73726464,93.24909349,0.103561058,1,0.6881746685,0.3751948797,4.912935846,0.9599884369
I_033,C_06,B_0861,0.531446807,24.90787778,83.99069275,0.5122655835,0.9189235387,0.5982758088,0.2717009102,4.211112642,0.7734366516
I_069,C_10,B_1460,0.641024806,22.39536245,80.04423142,0.3172311062,0.5581826549,0.5756290536,0.1354996027,4.182140616,0.9626268499
I_045,C_22,B_1127,0.3,23.10179394,86.89115327,0.7,0.5638342478,0.5386914365,0.210189,4.420308504,0.5456111111